run,time,dayofyr,crpval,agcacc,bgcjacc,bgcmacc,cgrain,egrain(N),egrain(P),egrain(S),crmvst,ermvst(N),ermvst(P),ermvst(S),cstraw,estraw(N),estraw(P),estraw(S),stdstraw,estdstraw(N),estdstraw(P),estdstraw(S),addsdc,addsde(N),addsde(P),addsde(S),resid,reside(N),reside(P),reside(S),irrapp,fertapp(N),fertapp(P),fertapp(S),omadapp,omaeapp(N),omaeapp(P),omaeapp(S),strmac(1),strmac(2),strmac(3),strmac(4),strmac(5),strmac(6),strmac(7),strmac(8),cgracc,egracc(N),egracc(P),egracc(S),accrst,accrste(N),accrste(P),accrste(S),ctubesj,etubesj(N),etubesj(P),etubesj(S),ctubesm,etubesm(N),etubesm(P),etubesm(S),srfclittrj,etubesm(N),esrfclittrj(P),esrfclittrj(S),soillittrj,esoillittrj(N),esoillittrj(P),esoillittrj(S),srfclittrm,esrfclittrm(N),esrfclittrm(P),esrfclittrm(S),soillittrm,esoillittrm(N),esoillittrm(P),esoillittrm(S)
ag1,1869.75,289,3.1000,160.6898,53.3936,2.8102,56.7313,2.6352,0.0000,0.0000,55.0980,1.2733,0.0000,0.0000,55.0980,1.2733,0.0000,0.0000,0.0000,0.0000,0.0000,1098196189184.0000,9.7721,0.2258,0.0000,1098195927040.0000,39.0884,0.9033,0.0000,0.0000,0.0000,0.0000,0.0000,0.0000,0.0000,0.0000,0.8403,0.0000,30.1110,0.0168,0.0000,0.0000,1.1827,0.0520,0.0000,0.0000,56.7313,2.6352,0.0000,0.0000,55.0980,0.0000,0.0000,0.0000,0.0000,0.0000,0.3040,0.2000,0.0000,0.0000,0.0000,0.0000,1.6777,0.0371,0.0000,0.0000,31.8759,0.7057,0.0313,0.0080,0.5732,0.0127,0.0000,0.0000,10.8910,0.2405,0.4588,3.3909
ag1,1870.75,289,3.1000,226.6075,52.7325,2.7754,79.3501,3.3103,0.0000,0.0000,78.0464,1.6133,0.0000,0.0000,78.0464,1.6133,0.0000,0.0000,0.0000,0.0000,0.0000,1098196189184.0000,13.8422,0.2861,0.0000,1098195927040.0000,55.3688,1.1446,0.0000,0.0000,0.0000,0.0000,0.0000,0.0000,0.0000,0.0000,0.8403,0.0000,21.4966,0.0564,0.0000,0.0000,1.0697,0.0525,0.0000,0.0000,79.3501,3.3103,0.0000,0.0000,78.0464,0.0000,0.0000,0.0000,0.0000,0.0000,0.2176,0.1431,0.0000,0.0000,0.0000,0.0000,1.8519,0.0412,0.0000,0.0000,35.1862,0.7819,-0.0008,0.0008,0.4742,0.0105,0.0000,0.0000,9.0091,0.2002,0.3179,2.7891
ag1,1871.50,210,36.1000,126.6932,56.7701,2.9879,55.2069,2.2620,0.0000,0.0000,66.4823,1.2399,0.0000,0.0000,66.4823,1.2399,0.0000,0.0000,0.0000,0.0000,0.0000,1098196189184.0000,1.0008,0.0187,0.0000,1098195927040.0000,4.0032,0.0747,0.0000,0.0000,0.0000,0.0000,0.0000,0.0000,0.0000,0.0000,0.8403,0.0000,21.1358,0.1966,0.0000,0.0000,0.2828,0.0146,0.0000,0.0000,55.2069,2.2620,0.0000,0.0000,66.4823,0.0000,0.0000,0.0000,0.0000,0.0000,0.0151,0.0100,0.0000,0.0000,0.0000,0.0000,6.7436,0.1480,0.0000,0.0000,41.4249,0.9089,-0.0511,-0.0605,1.4267,0.0313,0.0000,0.0000,8.7641,0.1920,0.0168,0.0396
ag1,1874.75,289,3.1000,152.6045,48.5540,2.5555,53.1588,2.5347,0.0000,0.0000,52.3153,1.2358,0.0000,0.0000,52.3153,1.2358,0.0000,0.0000,0.0000,0.0000,0.0000,1098196189184.0000,9.2786,0.2192,0.0000,1098195927040.0000,37.1142,0.8767,0.0000,0.0000,0.0000,0.0000,0.0000,0.0000,0.0000,0.0000,0.8403,0.0000,27.0855,0.5691,0.0000,0.0000,0.9931,0.0521,0.0000,0.0000,53.1588,2.5347,0.0000,0.0000,52.3153,0.0000,0.0000,0.0000,0.0000,0.0000,0.2112,0.1389,0.0000,0.0000,0.0000,0.0000,1.5844,0.0352,0.0000,0.0000,30.1032,0.6689,0.0632,-0.0010,0.4937,0.0110,0.0000,0.0000,9.3800,0.2084,0.4740,3.4816
ag1,1875.75,289,3.1000,93.4926,36.0437,1.8970,31.8259,1.7480,0.0000,0.0000,32.6833,0.8772,0.0000,0.0000,32.6833,0.8772,0.0000,0.0000,0.0000,0.0000,0.0000,1098196189184.0000,5.7967,0.1556,0.0000,1098195927040.0000,23.1867,0.6223,0.0000,0.0000,0.0000,0.0000,0.0000,0.0000,0.0000,0.0000,0.8403,0.0000,23.7917,0.4343,0.0000,0.0000,1.6144,0.0901,0.0000,0.0000,31.8259,1.7480,0.0000,0.0000,32.6833,0.0000,0.0000,0.0000,0.0000,0.0000,0.1353,0.0890,0.0000,0.0000,0.0000,0.0000,1.0567,0.0235,0.0000,0.0000,20.0774,0.4462,0.0214,0.0114,0.4241,0.0094,0.0000,0.0000,8.0577,0.1791,0.1086,0.9144
ag1,1876.50,210,36.1000,158.4962,65.7185,3.4589,68.8995,2.6558,0.0000,0.0000,83.3250,1.4605,0.0000,0.0000,83.3250,1.4605,0.0000,0.0000,0.0000,0.0000,0.0000,1098196189184.0000,1.2544,0.0220,0.0000,1098195927040.0000,5.0174,0.0879,0.0000,0.0000,0.0000,0.0000,0.0000,0.0000,0.0000,0.0000,0.8403,0.0000,27.0174,0.9629,0.0000,0.0000,0.5055,0.0290,0.0000,0.0000,68.8995,2.6558,0.0000,0.0000,83.3250,0.0000,0.0000,0.0000,0.0000,0.0000,0.0621,0.0408,0.0000,0.0000,0.0000,0.0000,7.8123,0.1736,0.0000,0.0000,47.9901,1.0664,-0.0188,-0.0296,1.6504,0.0367,0.0000,0.0000,10.1379,0.2253,0.0581,0.1402
ag1,1879.75,289,3.1000,77.8085,27.7637,1.4613,26.3070,1.5076,0.0000,0.0000,27.2067,0.7602,0.0000,0.0000,27.2067,0.7602,0.0000,0.0000,0.0000,0.0000,0.0000,1098196189184.0000,4.8253,0.1348,0.0000,1098195927040.0000,19.3014,0.5393,0.0000,0.0000,0.0000,0.0000,0.0000,0.0000,0.0000,0.0000,0.8403,0.0000,5.9316,0.3740,0.0000,0.0000,0.6660,0.0360,0.0000,0.0000,26.3070,1.5076,0.0000,0.0000,27.2067,0.0000,0.0000,0.0000,0.0000,0.0000,0.0187,0.0123,0.0000,0.0000,0.0000,0.0000,0.8161,0.0181,0.0000,0.0000,15.5057,0.3446,-0.0329,-0.0387,0.3296,0.0073,0.0000,0.0000,6.2622,0.1392,0.0057,0.0135
ag1,1880.75,289,3.1000,131.3520,45.7729,2.4091,45.7021,2.2799,0.0000,0.0000,45.3945,1.1186,0.0000,0.0000,45.3945,1.1186,0.0000,0.0000,0.0000,0.0000,0.0000,1098196189184.0000,8.0511,0.1984,0.0000,1098195927040.0000,32.2044,0.7935,0.0000,0.0000,0.0000,0.0000,0.0000,0.0000,0.0000,0.0000,0.8403,0.0000,23.8368,0.7591,0.0000,0.0000,0.1897,0.0110,0.0000,0.0000,45.7021,2.2799,0.0000,0.0000,45.3945,0.0000,0.0000,0.0000,0.0000,0.0000,0.1737,0.1143,0.0000,0.0000,0.0000,0.0000,1.4160,0.0315,0.0000,0.0000,26.9033,0.5979,0.0011,0.0104,0.5047,0.0112,0.0000,0.0000,9.5886,0.2131,0.3119,2.7595
ag1,1881.50,210,36.1000,72.2131,36.8097,1.9374,31.1337,1.5561,0.0000,0.0000,38.2038,0.8652,0.0000,0.0000,38.2038,0.8652,0.0000,0.0000,0.0000,0.0000,0.0000,1098196189184.0000,0.5751,0.0130,0.0000,1098195927040.0000,2.3004,0.0521,0.0000,0.0000,0.0000,0.0000,0.0000,0.0000,0.0000,0.0000,0.8403,0.0000,27.9745,0.8462,0.0000,0.0000,0.1008,0.0061,0.0000,0.0000,31.1337,1.5561,0.0000,0.0000,38.2038,0.0000,0.0000,0.0000,0.0000,0.0000,0.2785,0.1832,0.0000,0.0000,0.0000,0.0000,4.1451,0.0921,0.0000,0.0000,25.4629,0.5658,0.0816,0.0090,1.1110,0.0247,0.0000,0.0000,6.8246,0.1517,0.5934,5.0614
ag1,1884.75,289,3.1000,147.0042,50.8682,2.6773,51.0748,2.4669,0.0000,0.0000,50.4396,1.2056,0.0000,0.0000,50.4396,1.2056,0.0000,0.0000,0.0000,0.0000,0.0000,1098196189184.0000,8.9459,0.2138,0.0000,1098195927040.0000,35.7836,0.8553,0.0000,0.0000,0.0000,0.0000,0.0000,0.0000,0.0000,0.0000,0.8403,0.0000,18.2553,1.2881,0.0000,0.0000,0.8466,0.0492,0.0000,0.0000,51.0748,2.4669,0.0000,0.0000,50.4396,0.0000,0.0000,0.0000,0.0000,0.0000,0.3035,0.1996,0.0000,0.0000,0.0000,0.0000,1.5859,0.0352,0.0000,0.0000,30.1324,0.6696,0.0311,-0.0352,0.5526,0.0123,0.0000,0.0000,10.4992,0.2333,0.2276,2.0320
ag1,1885.75,289,3.1000,87.0057,37.9063,1.9951,30.3662,1.6732,0.0000,0.0000,30.0190,0.8183,0.0000,0.0000,30.0190,0.8183,0.0000,0.0000,0.0000,0.0000,0.0000,1098196189184.0000,5.3241,0.1451,0.0000,1098195927040.0000,21.2965,0.5805,0.0000,0.0000,0.0000,0.0000,0.0000,0.0000,0.0000,0.0000,0.8403,0.0000,39.0411,1.9981,0.0000,0.0000,0.7326,0.0421,0.0000,0.0000,30.3662,1.6732,0.0000,0.0000,30.0190,0.0000,0.0000,0.0000,0.0000,0.0000,0.1031,0.0678,0.0000,0.0000,0.0000,0.0000,1.0786,0.0240,0.0000,0.0000,20.4930,0.4554,0.0215,0.0073,0.4587,0.0102,0.0000,0.0000,8.7144,0.1937,0.1077,0.4097
ag1,1886.50,210,36.1000,146.6357,49.4033,2.6002,63.5827,2.5285,0.0000,0.0000,77.2393,1.3952,0.0000,0.0000,77.2393,1.3952,0.0000,0.0000,0.0000,0.0000,0.0000,1098196189184.0000,1.1627,0.0210,0.0000,1098195927040.0000,4.6510,0.0840,0.0000,0.0000,0.0000,0.0000,0.0000,0.0000,0.0000,0.0000,0.8403,0.0000,4.1051,0.1884,0.0000,0.0000,0.3201,0.0189,0.0000,0.0000,63.5827,2.5285,0.0000,0.0000,77.2393,0.0000,0.0000,0.0000,0.0000,0.0000,0.2056,0.1353,0.0000,0.0000,0.0000,0.0000,5.9149,0.1314,0.0000,0.0000,36.3341,0.8074,-0.0689,-0.0456,1.2044,0.0268,0.0000,0.0000,7.3984,0.1644,1.0714,8.9058
ag1,1889.75,289,3.1000,124.9156,41.2413,2.1706,40.9775,2.1338,0.0000,0.0000,44.3171,1.1091,0.0000,0.0000,44.3171,1.1091,0.0000,0.0000,0.0000,0.0000,0.0000,1098196189184.0000,7.8600,0.1967,0.0000,1098195927040.0000,31.4400,0.7868,0.0000,0.0000,0.0000,0.0000,0.0000,0.0000,0.0000,0.0000,0.8403,0.0000,2.3184,0.0000,0.0000,0.0000,0.4191,0.0254,0.0000,0.0000,40.9775,2.1338,0.0000,0.0000,44.3171,0.0000,0.0000,0.0000,0.0000,0.0000,0.0106,0.0070,0.0000,0.0000,0.0000,0.0000,1.3791,0.0306,0.0000,0.0000,26.2034,0.5823,-0.0509,-0.0535,0.4020,0.0089,0.0000,0.0000,7.6376,0.1697,0.0057,0.0133
ag1,1890.75,289,3.1000,53.2955,31.1808,1.6411,18.0245,1.1034,0.0000,0.0000,18.6936,0.5574,0.0000,0.0000,18.6936,0.5574,0.0000,0.0000,0.0000,0.0000,0.0000,1098196189184.0000,3.3155,0.0989,0.0000,1098195927040.0000,13.2619,0.3955,0.0000,0.0000,0.0000,0.0000,0.0000,0.0000,0.0000,0.0000,0.8403,0.0000,21.7622,1.4508,0.0000,0.0000,0.1688,0.0102,0.0000,0.0000,18.0245,1.1034,0.0000,0.0000,18.6936,0.0000,0.0000,0.0000,0.0000,0.0000,0.0969,0.0638,0.0000,0.0000,0.0000,0.0000,0.8714,0.0194,0.0000,0.0000,16.5569,0.3679,0.0168,-0.0058,0.3842,0.0085,0.0000,0.0000,7.3003,0.1622,0.0753,0.3152
ag1,1891.50,210,36.1000,39.6680,26.5368,1.3967,17.0531,0.9723,0.0000,0.0000,21.0318,0.5427,0.0000,0.0000,21.0318,0.5427,0.0000,0.0000,0.0000,0.0000,0.0000,1098196189184.0000,0.3166,0.0082,0.0000,1098195927040.0000,1.2664,0.0327,0.0000,0.0000,0.0000,0.0000,0.0000,0.0000,0.0000,0.0000,0.8403,0.0000,6.3113,0.0003,0.0000,0.0000,0.1838,0.0112,0.0000,0.0000,17.0531,0.9723,0.0000,0.0000,21.0318,0.0000,0.0000,0.0000,0.0000,0.0000,0.0423,0.0278,0.0000,0.0000,0.0000,0.0000,2.9229,0.0650,0.0000,0.0000,17.9550,0.3990,-0.0233,-0.0321,0.8433,0.0187,0.0000,0.0000,5.1800,0.1151,0.0493,0.1189
ag1,1894.75,289,3.1000,35.8510,11.1830,0.5886,12.4639,0.7906,0.0000,0.0000,12.2793,0.3857,0.0000,0.0000,12.2793,0.3857,0.0000,0.0000,0.0000,0.0000,0.0000,1098196189184.0000,2.1778,0.0684,0.0000,1098195927040.0000,8.7114,0.2736,0.0000,0.0000,0.0000,0.0000,0.0000,0.0000,0.0000,0.0000,0.8403,0.0000,0.7130,0.0001,0.0000,0.0000,0.8923,0.0520,0.0000,0.0000,12.4639,0.7906,0.0000,0.0000,12.2793,0.0000,0.0000,0.0000,0.0000,0.0000,0.0265,0.0174,0.0000,0.0000,0.0000,0.0000,0.3621,0.0080,0.0000,0.0000,6.8802,0.1529,-0.0750,-0.0492,0.1143,0.0025,0.0000,0.0000,2.1723,0.0483,0.0390,0.0952
ag1,1895.75,289,3.1000,55.4146,15.2313,0.8016,19.3951,1.1604,0.0000,0.0000,19.0903,0.5658,0.0000,0.0000,19.0903,0.5658,0.0000,0.0000,0.0000,0.0000,0.0000,1098196189184.0000,3.3858,0.1004,0.0000,1098195927040.0000,13.5433,0.4014,0.0000,0.0000,0.0000,0.0000,0.0000,0.0000,0.0000,0.0000,0.8403,0.0000,0.1152,0.0000,0.0000,0.0000,0.9598,0.0579,0.0000,0.0000,19.3951,1.1604,0.0000,0.0000,19.0903,0.0000,0.0000,0.0000,0.0000,0.0000,0.0351,0.0231,0.0000,0.0000,0.0000,0.0000,0.5041,0.0112,0.0000,0.0000,9.5772,0.2128,-0.0567,-0.0208,0.1506,0.0033,0.0000,0.0000,2.8608,0.0636,0.0540,0.1374
ag1,1896.50,210,36.1000,141.5492,45.3416,2.3864,61.5016,2.4750,0.0000,0.0000,74.4442,1.3620,0.0000,0.0000,74.4442,1.3620,0.0000,0.0000,0.0000,0.0000,0.0000,1098196189184.0000,1.1207,0.0205,0.0000,1098195927040.0000,4.4827,0.0820,0.0000,0.0000,0.0000,0.0000,0.6988,0.9314,0.0000,0.0000,0.8403,0.0000,0.6422,0.0000,0.0000,0.0000,0.0800,0.0049,0.0000,0.0000,61.5016,2.4750,0.0000,0.0000,74.4442,0.0000,0.0000,0.0000,0.0000,0.0000,0.1575,0.1036,0.0000,0.0000,0.0000,0.0000,5.3300,0.1184,0.0000,0.0000,32.7411,0.7276,0.0022,0.0488,1.1953,0.0266,0.0000,0.0000,7.3424,0.1632,2.0206,0.0000
ag1,1899.75,289,3.1000,37.9373,24.1645,1.2718,12.6069,0.8059,0.0000,0.0000,12.9498,0.4045,0.0000,0.0000,12.9498,0.4045,0.0000,0.0000,0.0000,0.0000,0.0000,1098196189184.0000,2.2968,0.0717,0.0000,1098195927040.0000,9.1870,0.2870,0.0000,0.0000,0.0000,0.0000,0.0000,0.0000,0.0000,0.0000,0.8403,0.0000,14.2489,0.6659,0.0000,0.0000,0.1528,0.0083,0.0000,0.0000,12.6069,0.8059,0.0000,0.0000,12.9498,0.0000,0.0000,0.0000,0.0000,0.0000,0.3230,0.2125,0.0000,0.0000,0.0000,0.0000,0.6239,0.0139,0.0000,0.0000,11.8541,0.2634,-0.0258,-0.0358,0.3211,0.0071,0.0000,0.0000,6.1015,0.1356,0.3108,1.2613
ag1,1900.75,289,3.1000,147.6409,42.4320,2.2333,51.2216,2.4744,0.0000,0.0000,51.1022,1.2176,0.0000,0.0000,51.1022,1.2176,0.0000,0.0000,0.0000,0.0000,0.0000,1098196189184.0000,9.0634,0.2160,0.0000,1098195927040.0000,36.2537,0.8638,0.0000,0.0000,0.0000,0.0000,0.0000,0.0000,0.0000,0.0000,0.8403,0.0000,3.9694,0.3376,0.0000,0.0000,0.3644,0.0217,0.0000,0.0000,51.2216,2.4744,0.0000,0.0000,51.1022,0.0000,0.0000,0.0000,0.0000,0.0000,0.0677,0.0446,0.0000,0.0000,0.0000,0.0000,1.3619,0.0303,0.0000,0.0000,25.8764,0.5750,0.0043,-0.0067,0.4471,0.0099,0.0000,0.0000,8.4950,0.1888,0.1208,0.3981
ag1,1901.50,210,36.1000,58.0801,26.1497,1.3763,25.1103,1.3199,0.0000,0.0000,30.6619,0.7312,0.0000,0.0000,30.6619,0.7312,0.0000,0.0000,0.0000,0.0000,0.0000,1098196189184.0000,0.4616,0.0110,0.0000,1098195927040.0000,1.8463,0.0440,0.0000,0.0000,0.0000,0.0000,0.0000,0.0000,0.0000,0.0000,0.8403,0.0000,6.6138,0.6461,0.0000,0.0000,0.1604,0.0097,0.0000,0.0000,25.1103,1.3199,0.0000,0.0000,30.6619,0.0000,0.0000,0.0000,0.0000,0.0000,0.0066,0.0044,0.0000,0.0000,0.0000,0.0000,2.9746,0.0661,0.0000,0.0000,18.2726,0.4059,-0.0678,-0.0716,0.7638,0.0170,0.0000,0.0000,4.6920,0.1042,0.0169,0.0398
ag1,1904.75,289,3.1000,40.3091,12.6386,0.6652,14.0617,0.8794,0.0000,0.0000,13.8469,0.4289,0.0000,0.0000,13.8469,0.4289,0.0000,0.0000,0.0000,0.0000,0.0000,1098196189184.0000,2.4559,0.0761,0.0000,1098195927040.0000,9.8234,0.3043,0.0000,0.0000,0.0000,0.0000,0.0000,0.0000,0.0000,0.0000,0.8403,0.0000,22.4732,0.6567,0.0000,0.0000,0.6542,0.0351,0.0000,0.0000,14.0617,0.8794,0.0000,0.0000,13.8469,0.0000,0.0000,0.0000,0.0000,0.0000,0.0563,0.0370,0.0000,0.0000,0.0000,0.0000,0.4164,0.0093,0.0000,0.0000,7.9125,0.1758,-0.0048,-0.0134,0.1284,0.0029,0.0000,0.0000,2.4398,0.0542,0.0607,0.1600
ag1,1905.75,289,3.1000,78.4098,30.5622,1.6085,27.4308,1.5436,0.0000,0.0000,27.0188,0.7530,0.0000,0.0000,27.0188,0.7530,0.0000,0.0000,0.0000,0.0000,0.0000,1098196189184.0000,4.7920,0.1336,0.0000,1098195927040.0000,19.1681,0.5342,0.0000,0.0000,0.0000,0.0000,0.0000,0.0000,0.0000,0.0000,0.8403,0.0000,0.0019,0.0006,0.0000,0.0000,0.9318,0.0533,0.0000,0.0000,27.4308,1.5436,0.0000,0.0000,27.0188,0.0000,0.0000,0.0000,0.0000,0.0000,0.0043,0.0029,0.0000,0.0000,0.0000,0.0000,0.8825,0.0196,0.0000,0.0000,16.7680,0.3726,-0.0298,-0.0338,0.3651,0.0081,0.0000,0.0000,6.9372,0.1542,0.0025,0.0059
ag1,1906.50,210,36.1000,63.6467,31.1162,1.6377,27.4959,1.4169,0.0000,0.0000,33.6202,0.7857,0.0000,0.0000,33.6202,0.7857,0.0000,0.0000,0.0000,0.0000,0.0000,1098196189184.0000,0.5061,0.0118,0.0000,1098195927040.0000,2.0244,0.0473,0.0000,0.0000,0.0000,0.0000,0.0000,0.0000,0.0000,0.0000,0.8403,0.0000,4.4854,0.0000,0.0000,0.0000,0.1326,0.0079,0.0000,0.0000,27.4959,1.4169,0.0000,0.0000,33.6202,0.0000,0.0000,0.0000,0.0000,0.0000,0.0310,0.0204,0.0000,0.0000,0.0000,0.0000,3.5446,0.0787,0.0000,0.0000,21.7742,0.4837,-0.0425,-0.0544,0.9108,0.0202,0.0000,0.0000,5.5952,0.1243,0.0643,0.1543
ag1,1909.75,289,3.1000,128.3880,46.1046,2.4266,44.7015,2.2404,0.0000,0.0000,43.9990,1.0924,0.0000,0.0000,43.9990,1.0924,0.0000,0.0000,0.0000,0.0000,0.0000,1098196189184.0000,7.8036,0.1938,0.0000,1098195927040.0000,31.2144,0.7750,0.0000,0.0000,0.0000,0.0000,0.0000,0.0000,0.0000,0.0000,0.8403,0.0000,31.4529,2.8696,0.0000,0.0000,0.8309,0.0409,0.0000,0.0000,44.7015,2.2404,0.0000,0.0000,43.9990,0.0000,0.0000,0.0000,0.0000,0.0000,0.0181,0.0119,0.0000,0.0000,0.0000,0.0000,1.4537,0.0323,0.0000,0.0000,27.6199,0.6138,-0.0201,-0.0293,0.4922,0.0109,0.0000,0.0000,9.3525,0.2078,0.0184,0.0463
ag1,1910.75,289,3.1000,88.9740,32.5652,1.7140,31.1409,1.7048,0.0000,0.0000,30.6515,0.8313,0.0000,0.0000,30.6515,0.8313,0.0000,0.0000,0.0000,0.0000,0.0000,1098196189184.0000,5.4363,0.1474,0.0000,1098195927040.0000,21.7452,0.5897,0.0000,0.0000,0.0000,0.0000,0.0000,0.0000,0.0000,0.0000,0.8403,0.0000,6.4571,0.7047,0.0000,0.0000,0.4738,0.0251,0.0000,0.0000,31.1409,1.7048,0.0000,0.0000,30.6515,0.0000,0.0000,0.0000,0.0000,0.0000,0.0493,0.0324,0.0000,0.0000,0.0000,0.0000,0.9980,0.0222,0.0000,0.0000,18.9613,0.4214,-0.0191,-0.0073,0.3622,0.0080,0.0000,0.0000,6.8813,0.1529,0.1416,0.3757
ag1,1911.50,210,36.1000,52.9184,33.7845,1.7781,22.7717,1.2059,0.0000,0.0000,28.0365,0.6722,0.0000,0.0000,28.0365,0.6722,0.0000,0.0000,0.0000,0.0000,0.0000,1098196189184.0000,0.4221,0.0101,0.0000,1098195927040.0000,1.6882,0.0405,0.0000,0.0000,0.0000,0.0000,0.0000,0.0000,0.0000,0.0000,0.8403,0.0000,3.9688,0.0017,0.0000,0.0000,0.0751,0.0040,0.0000,0.0000,22.7717,1.2059,0.0000,0.0000,28.0365,0.0000,0.0000,0.0000,0.0000,0.0000,0.0081,0.0053,0.0000,0.0000,0.0000,0.0000,3.6570,0.0805,0.0000,0.0000,22.4643,0.4948,-0.0284,-0.0382,1.1421,0.0251,0.0000,0.0000,7.0155,0.1544,0.0076,0.0179
ag1,1914.75,289,3.1000,23.6654,10.0862,0.5309,8.1957,0.5401,0.0000,0.0000,8.0769,0.2636,0.0000,0.0000,8.0769,0.2636,0.0000,0.0000,0.0000,0.0000,0.0000,1098196189184.0000,1.4325,0.0467,0.0000,1098195927040.0000,5.7300,0.1870,0.0000,0.0000,0.0000,0.0000,0.0000,0.0000,0.0000,0.0000,0.8403,0.0000,8.7407,0.9156,0.0000,0.0000,0.2277,0.0118,0.0000,0.0000,8.1957,0.5401,0.0000,0.0000,8.0769,0.0000,0.0000,0.0000,0.0000,0.0000,0.1202,0.0790,0.0000,0.0000,0.0000,0.0000,0.2955,0.0066,0.0000,0.0000,5.6139,0.1248,0.0687,0.0052,0.1175,0.0026,0.0000,0.0000,2.2332,0.0496,0.0755,0.6737
ag1,1915.75,289,3.1000,229.7117,56.0124,2.9480,80.2479,3.3344,0.0000,0.0000,79.2158,1.6291,0.0000,0.0000,79.2158,1.6291,0.0000,0.0000,0.0000,0.0000,0.0000,1098196189184.0000,14.0496,0.2889,0.0000,1098195927040.0000,56.1984,1.1557,0.0000,0.0000,0.0000,0.0000,0.0000,0.0000,0.0000,0.0000,0.8403,0.0000,6.1102,0.5797,0.0000,0.0000,0.2248,0.0130,0.0000,0.0000,80.2479,3.3344,0.0000,0.0000,79.2158,0.0000,0.0000,0.0000,0.0000,0.0000,0.0568,0.0374,0.0000,0.0000,0.0000,0.0000,1.9480,0.0433,0.0000,0.0000,37.0111,0.8225,-0.0128,-0.0055,0.5124,0.0114,0.0000,0.0000,9.7361,0.2164,0.3249,2.2797
ag1,1916.50,210,36.1000,202.7876,63.3238,3.3328,87.7473,3.0970,0.0000,0.0000,106.9875,1.7137,0.0000,0.0000,106.9875,1.7137,0.0000,0.0000,0.0000,0.0000,0.0000,1098196189184.0000,1.6106,0.0258,0.0000,1098195927040.0000,6.4423,0.1032,0.0000,0.0000,0.0000,0.0000,0.6988,0.9314,0.0000,0.0000,0.8403,0.0000,11.3580,0.3214,0.0000,0.0000,0.0924,0.0052,0.0000,0.0000,87.7473,3.0970,0.0000,0.0000,106.9875,0.0000,0.0000,0.0000,0.0000,0.0000,0.0063,0.0041,0.0000,0.0000,0.0000,0.0000,7.7399,0.1720,0.0000,0.0000,47.5449,1.0566,-0.0700,-0.0786,1.4153,0.0315,0.0000,0.0000,8.6942,0.1932,2.3120,0.0001
ag1,1919.75,289,3.1000,103.3179,38.4408,2.0232,35.7088,1.8991,0.0000,0.0000,35.5644,0.9334,0.0000,0.0000,35.5644,0.9334,0.0000,0.0000,0.0000,0.0000,0.0000,1098196189184.0000,6.3076,0.1656,0.0000,1098195927040.0000,25.2306,0.6622,0.0000,0.0000,0.0000,0.0000,0.0000,0.0000,0.0000,0.0000,0.8403,0.0000,13.0481,1.1721,0.0000,0.0000,0.6204,0.0298,0.0000,0.0000,35.7088,1.8991,0.0000,0.0000,35.5644,0.0000,0.0000,0.0000,0.0000,0.0000,0.0783,0.0515,0.0000,0.0000,0.0000,0.0000,1.1596,0.0258,0.0000,0.0000,22.0316,0.4896,0.0042,-0.0082,0.4407,0.0098,0.0000,0.0000,8.3731,0.1861,0.1592,0.5393
ag1,1920.75,289,3.1000,31.6956,17.0909,0.8995,11.0795,0.7104,0.0000,0.0000,10.9266,0.3469,0.0000,0.0000,10.9266,0.3469,0.0000,0.0000,0.0000,0.0000,0.0000,1098196189184.0000,1.9379,0.0615,0.0000,1098195927040.0000,7.7517,0.2461,0.0000,0.0000,0.0000,0.0000,0.0000,0.0000,0.0000,0.0000,0.8403,0.0000,22.0418,2.0853,0.0000,0.0000,0.2328,0.0115,0.0000,0.0000,11.0795,0.7104,0.0000,0.0000,10.9266,0.0000,0.0000,0.0000,0.0000,0.0000,0.0090,0.0059,0.0000,0.0000,0.0000,0.0000,0.4558,0.0101,0.0000,0.0000,8.6611,0.1923,-0.0391,-0.0448,0.2188,0.0049,0.0000,0.0000,4.1569,0.0922,0.0043,0.0101
ag1,1921.50,210,36.1000,108.2011,50.9801,2.6832,46.8900,2.0458,0.0000,0.0000,57.0193,1.1297,0.0000,0.0000,57.0193,1.1297,0.0000,0.0000,0.0000,0.0000,0.0000,1098196189184.0000,0.8584,0.0170,0.0000,1098195927040.0000,3.4334,0.0680,0.0000,0.0000,0.0000,0.0000,0.0000,0.0000,0.0000,0.0000,0.8403,0.0000,14.3601,1.5299,0.0000,0.0000,0.1614,0.0085,0.0000,0.0000,46.8900,2.0458,0.0000,0.0000,57.0193,0.0000,0.0000,0.0000,0.0000,0.0000,0.1177,0.0774,0.0000,0.0000,0.0000,0.0000,5.7341,0.1264,0.0000,0.0000,35.2241,0.7765,-0.0343,-0.0491,1.5547,0.0342,0.0000,0.0000,9.5502,0.2103,0.8951,6.7406
ag1,1924.75,289,3.1000,172.6574,45.9152,2.4166,60.2273,2.7619,0.0000,0.0000,59.2809,1.3467,0.0000,0.0000,59.2809,1.3467,0.0000,0.0000,0.0000,0.0000,0.0000,1098196189184.0000,10.5140,0.2389,0.0000,1098195927040.0000,42.0559,0.9554,0.0000,0.0000,0.0000,0.0000,0.0000,0.0000,0.0000,0.0000,0.8403,0.0000,21.5563,1.8441,0.0000,0.0000,0.5755,0.0260,0.0000,0.0000,60.2273,2.7619,0.0000,0.0000,59.2809,0.0000,0.0000,0.0000,0.0000,0.0000,0.0991,0.0652,0.0000,0.0000,0.0000,0.0000,1.5483,0.0344,0.0000,0.0000,29.4168,0.6537,0.0007,-0.0039,0.4459,0.0099,0.0000,0.0000,8.4716,0.1883,0.4860,3.2271
ag1,1925.75,289,3.1000,50.9639,10.9532,0.5765,17.8012,1.0795,0.0000,0.0000,17.5762,0.5275,0.0000,0.0000,17.5762,0.5275,0.0000,0.0000,0.0000,0.0000,0.0000,1098196189184.0000,3.1173,0.0935,0.0000,1098195927040.0000,12.4692,0.3742,0.0000,0.0000,0.0000,0.0000,0.0000,0.0000,0.0000,0.0000,0.8403,0.0000,15.6549,0.4251,0.0000,0.0000,0.4457,0.0222,0.0000,0.0000,17.8012,1.0795,0.0000,0.0000,17.5762,0.0000,0.0000,0.0000,0.0000,0.0000,0.0774,0.0509,0.0000,0.0000,0.0000,0.0000,0.3790,0.0084,0.0000,0.0000,7.2015,0.1600,0.0005,0.0012,0.1027,0.0023,0.0000,0.0000,1.9517,0.0434,0.0528,0.4713
ag1,1926.50,210,36.1000,100.6567,43.1293,2.2700,43.3889,1.9386,0.0000,0.0000,53.2590,1.0782,0.0000,0.0000,53.2590,1.0782,0.0000,0.0000,0.0000,0.0000,0.0000,1098196189184.0000,0.8017,0.0162,0.0000,1098195927040.0000,3.2070,0.0649,0.0000,0.0000,0.0000,0.0000,0.0000,0.0000,0.0000,0.0000,0.8403,0.0000,19.5514,0.6801,0.0000,0.0000,0.0638,0.0031,0.0000,0.0000,43.3889,1.9386,0.0000,0.0000,53.2590,0.0000,0.0000,0.0000,0.0000,0.0000,0.0050,0.0033,0.0000,0.0000,0.0000,0.0000,5.0256,0.1105,0.0000,0.0000,30.8716,0.6789,-0.0622,-0.0678,1.1687,0.0256,0.0000,0.0000,7.1794,0.1575,0.0114,0.0268
ag1,1929.75,289,3.1000,156.2461,49.3551,2.5976,54.4317,2.5761,0.0000,0.0000,53.5763,1.2561,0.0000,0.0000,53.5763,1.2561,0.0000,0.0000,0.0000,0.0000,0.0000,1098196189184.0000,9.5022,0.2228,0.0000,1098195927040.0000,38.0089,0.8911,0.0000,0.0000,0.0000,0.0000,0.0000,0.0000,0.0000,0.0000,0.8403,0.0000,32.7900,1.5642,0.0000,0.0000,0.5260,0.0221,0.0000,0.0000,54.4317,2.5761,0.0000,0.0000,53.5763,0.0000,0.0000,0.0000,0.0000,0.0000,0.0933,0.0614,0.0000,0.0000,0.0000,0.0000,1.6152,0.0359,0.0000,0.0000,30.6886,0.6817,0.0632,-0.0014,0.4996,0.0111,0.0000,0.0000,9.4926,0.2108,0.4729,3.5016
ag1,1930.75,289,3.1000,28.2653,11.0758,0.5829,9.8777,0.6378,0.0000,0.0000,9.7454,0.3115,0.0000,0.0000,9.7454,0.3115,0.0000,0.0000,0.0000,0.0000,0.0000,1098196189184.0000,1.7284,0.0552,0.0000,1098195927040.0000,6.9137,0.2210,0.0000,0.0000,0.0000,0.0000,0.0000,0.0000,0.0000,0.0000,0.8403,0.0000,17.1995,0.4292,0.0000,0.0000,0.1839,0.0083,0.0000,0.0000,9.8777,0.6378,0.0000,0.0000,9.7454,0.0000,0.0000,0.0000,0.0000,0.0000,0.1005,0.0661,0.0000,0.0000,0.0000,0.0000,0.3305,0.0073,0.0000,0.0000,6.2802,0.1390,0.0237,0.0068,0.1256,0.0028,0.0000,0.0000,2.3860,0.0526,0.2286,1.1270
ag1,1931.50,210,36.1000,190.6001,66.7379,3.5125,83.1545,2.9711,0.0000,0.0000,99.9244,1.6260,0.0000,0.0000,99.9244,1.6260,0.0000,0.0000,0.0000,0.0000,0.0000,1098196189184.0000,1.5042,0.0245,0.0000,1098195927040.0000,6.0170,0.0979,0.0000,0.0000,0.0000,0.0000,0.6988,0.9314,0.0000,0.0000,0.8403,0.0000,0.2251,0.0003,0.0000,0.0000,0.2103,0.0098,0.0000,0.0000,83.1545,2.9711,0.0000,0.0000,99.9244,0.0000,0.0000,0.0000,0.0000,0.0000,0.0353,0.0232,0.0000,0.0000,0.0000,0.0000,7.9483,0.1761,0.0000,0.0000,48.8251,1.0819,-0.0707,-0.0230,1.6657,0.0369,0.0000,0.0000,10.2319,0.2266,2.4229,0.0000
ag1,1934.75,289,3.1000,99.3440,21.0541,1.1081,34.7527,1.8568,0.0000,0.0000,34.2066,0.9054,0.0000,0.0000,34.2066,0.9054,0.0000,0.0000,0.0000,0.0000,0.0000,1098196189184.0000,6.0668,0.1606,0.0000,1098195927040.0000,24.2673,0.6423,0.0000,0.0000,0.0000,0.0000,0.0000,0.0000,0.0000,0.0000,0.8403,0.0000,2.6421,0.0000,0.0000,0.0000,1.0208,0.0490,0.0000,0.0000,34.7527,1.8568,0.0000,0.0000,34.2066,0.0000,0.0000,0.0000,0.0000,0.0000,0.0752,0.0495,0.0000,0.0000,0.0000,0.0000,0.7260,0.0161,0.0000,0.0000,13.7947,0.3065,-0.0054,0.0074,0.2000,0.0044,0.0000,0.0000,3.7996,0.0844,0.3546,2.8935
ag1,1935.75,293,3.3000,254.8094,84.7384,4.4599,101.9102,5.3473,0.0000,0.0000,81.0366,0.7938,0.0000,0.0000,81.0366,0.7938,0.0000,0.0000,0.0000,0.0000,0.0000,1098196189184.0000,14.3725,0.1408,0.0000,1098195927040.0000,57.4901,0.5631,0.0000,0.0000,0.0000,4.0400,0.0000,0.0000,0.0000,0.0000,0.8403,0.0000,25.0261,1.0257,0.0000,0.0000,0.2334,0.0117,0.0000,0.0000,101.9102,5.3473,0.0000,0.0000,81.0366,0.0000,0.0000,0.0000,0.0000,0.0000,0.0288,0.0189,0.0000,0.0000,0.0000,0.0000,2.7407,0.0609,0.0000,0.0000,52.0733,1.1572,-0.0205,-0.0173,0.8607,0.0191,0.0000,0.0000,16.3538,0.3634,0.1760,0.4556
ag1,1936.75,289,36.1000,76.1070,27.5939,1.4523,32.5676,1.5685,0.0000,0.0000,40.1491,0.8752,0.0000,0.0000,40.1491,0.8752,0.0000,0.0000,0.0000,0.0000,0.0000,0.0000,0.6044,0.0132,0.0000,1098195927040.0000,2.4176,0.0527,0.0000,0.6778,0.0000,0.0000,0.0000,0.0000,0.0000,0.0000,0.0000,0.0000,11.3555,0.3643,0.0000,0.0000,0.2445,0.0107,0.0000,0.0000,32.5676,1.5685,0.0000,0.0000,40.1491,0.0000,0.0000,0.0000,0.0000,0.0000,0.0000,0.0000,0.0000,0.0000,0.0000,0.0000,2.7106,0.0591,0.0000,0.0000,16.6511,0.3630,0.0000,0.0000,1.1412,0.0247,0.0000,0.0000,7.0102,0.1516,0.5110,4.4188
ag1,1937.75,283,60.1000,312.6858,110.0165,5.7903,109.1900,17.6020,0.0000,0.0000,6.0454,0.2483,0.0000,0.0000,6.0454,0.2483,0.0000,0.0000,0.0000,0.0000,0.0000,1098196189184.0000,39.0936,1.6057,0.0000,1098195927040.0000,156.3744,6.4227,0.0000,0.0000,0.0000,0.0000,0.1626,0.0000,0.0000,0.0000,0.8403,0.0000,26.9435,0.8077,0.0000,0.0000,0.5050,0.0215,0.0000,0.0000,109.1900,17.6020,0.0000,0.0000,6.0454,0.0000,0.0000,0.0000,0.0000,0.0000,0.0000,0.0000,0.0000,0.0000,0.0000,0.0000,3.8742,0.1583,0.0000,0.0000,73.6097,3.0069,0.0348,0.0224,1.0063,0.0414,0.0000,0.0000,19.1199,0.7863,1.0460,7.0856
ag1,1938.75,293,3.3000,371.2291,108.2645,5.6981,148.7777,6.3317,0.0000,0.0000,117.8992,0.9355,0.0000,0.0000,117.8992,0.9355,0.0000,0.0000,0.0000,0.0000,0.0000,1098196189184.0000,20.9104,0.1659,0.0000,1098195927040.0000,83.6417,0.6637,0.0000,0.0000,0.0000,4.0400,0.0000,0.0000,0.0000,0.0000,0.8403,0.0000,25.2189,0.7788,0.0000,0.0000,0.3304,0.0156,0.0000,0.0000,148.7777,6.3317,0.0000,0.0000,117.8992,0.0000,0.0000,0.0000,0.0000,0.0000,0.0000,0.0000,0.0000,0.0000,0.0000,0.0000,3.5323,0.0761,0.0000,0.0000,67.1130,1.4458,0.0361,-0.0307,1.1037,0.0241,0.0000,0.0000,20.9705,0.4572,0.2055,1.8349
ag1,1939.75,289,36.1000,116.4118,31.9779,1.6830,49.8003,2.1130,0.0000,0.0000,61.4248,1.1795,0.0000,0.0000,61.4248,1.1795,0.0000,0.0000,0.0000,0.0000,0.0000,0.0000,0.9247,0.0178,0.0000,1098195927040.0000,3.6987,0.0710,0.0000,0.6545,0.0000,0.0000,0.0000,0.0000,0.0000,0.0000,0.0000,0.0000,29.7210,0.3834,0.0000,0.0000,0.5997,0.0252,0.0000,0.0000,49.8003,2.1130,0.0000,0.0000,61.4248,0.0000,0.0000,0.0000,0.0000,0.0000,0.0000,0.0000,0.0000,0.0000,0.0000,0.0000,3.3853,0.0746,0.0000,0.0000,20.7953,0.4582,0.0000,0.0000,1.1388,0.0251,0.0000,0.0000,6.9955,0.1541,0.5856,2.1546
ag1,1940.75,283,60.1000,225.1781,106.2715,5.5932,77.2315,12.4785,0.0000,0.0000,4.3381,0.1786,0.0000,0.0000,4.3381,0.1786,0.0000,0.0000,0.0000,0.0000,0.0000,1098196189184.0000,28.0529,1.1550,0.0000,1098195927040.0000,112.2117,4.6200,0.0000,0.0000,0.0000,0.0000,0.0123,0.0000,0.0000,0.0000,0.8403,0.0000,2.3308,0.1294,0.0000,0.0000,0.2258,0.0091,0.0000,0.0000,77.2315,12.4785,0.0000,0.0000,4.3381,0.0000,0.0000,0.0000,0.0000,0.0000,0.0000,0.0000,0.0000,0.0000,0.0000,0.0000,3.5123,0.1433,0.0000,0.0000,66.7328,2.7221,0.0310,-0.0048,1.0713,0.0439,0.0000,0.0000,20.3548,0.8335,0.1768,0.4388
ag1,1941.75,293,3.3000,264.2195,79.0825,4.1622,102.8269,5.3628,0.0000,0.0000,85.5381,0.8461,0.0000,0.0000,85.5381,0.8461,0.0000,0.0000,0.0000,0.0000,0.0000,1098196189184.0000,15.1709,0.1501,0.0000,1098195927040.0000,60.6836,0.6003,0.0000,0.0000,0.0000,4.0400,0.0000,0.0000,0.0000,0.0000,0.8403,0.0000,0.1431,0.0000,0.0000,0.0000,0.6922,0.0316,0.0000,0.0000,102.8269,5.3628,0.0000,0.0000,85.5381,0.0000,0.0000,0.0000,0.0000,0.0000,0.0000,0.0000,0.0000,0.0000,0.0000,0.0000,2.5241,0.0560,0.0000,0.0000,47.9572,1.0633,0.0012,0.0010,0.8336,0.0185,0.0000,0.0000,15.8388,0.3517,0.6620,5.2148
ag1,1942.75,289,36.1000,158.0798,54.5182,2.8694,67.6454,2.5277,0.0000,0.0000,83.3926,1.4105,0.0000,0.0000,83.3926,1.4105,0.0000,0.0000,0.0000,0.0000,0.0000,0.0000,1.2554,0.0212,0.0000,1098195927040.0000,5.0215,0.0849,0.0000,0.6280,0.0000,0.0000,0.0000,0.0000,0.0000,0.0000,0.0000,0.0000,23.7659,0.1767,0.0000,0.0000,0.4972,0.0201,0.0000,0.0000,67.6454,2.5277,0.0000,0.0000,83.3926,0.0000,0.0000,0.0000,0.0000,0.0000,0.0000,0.0000,0.0000,0.0000,0.0000,0.0000,5.7835,0.1262,0.0000,0.0000,35.5270,0.7752,0.0000,0.0000,1.9235,0.0417,0.0000,0.0000,11.8157,0.2563,0.3224,0.8669
ag1,1943.75,283,60.1000,196.4762,70.4663,3.7088,71.8868,10.8513,0.0000,0.0000,3.6698,0.1408,0.0000,0.0000,3.6698,0.1408,0.0000,0.0000,0.0000,0.0000,0.0000,1098196189184.0000,23.7311,0.9106,0.0000,1098195927040.0000,94.9245,3.6424,0.0000,0.0000,0.0000,0.0000,0.0211,0.0000,0.0000,0.0000,0.8403,0.0000,34.4531,0.4893,0.0000,0.0000,0.5208,0.0203,0.0000,0.0000,71.8868,10.8513,0.0000,0.0000,3.6698,0.0000,0.0000,0.0000,0.0000,0.0000,0.0000,0.0000,0.0000,0.0000,0.0000,0.0000,2.4333,0.0992,0.0000,0.0000,46.2319,1.8841,-0.0325,-0.0357,0.6629,0.0273,0.0000,0.0000,12.5946,0.5185,0.2979,0.7553
ag1,1944.75,293,3.3000,163.0013,66.3176,3.4904,65.0093,3.9926,0.0000,0.0000,51.9357,0.5965,0.0000,0.0000,51.9357,0.5965,0.0000,0.0000,0.0000,0.0000,0.0000,1098196189184.0000,9.2112,0.1058,0.0000,1098195927040.0000,36.8450,0.4232,0.0000,0.0000,0.0000,4.0400,0.0000,0.0000,0.0000,0.0000,0.8403,0.0000,21.8353,0.2531,0.0000,0.0000,0.4968,0.0225,0.0000,0.0000,65.0093,3.9926,0.0000,0.0000,51.9357,0.0000,0.0000,0.0000,0.0000,0.0000,0.0357,0.0235,0.0000,0.0000,0.0000,0.0000,1.9400,0.0431,0.0000,0.0000,36.8593,0.8191,-0.0066,0.0016,0.7703,0.0171,0.0000,0.0000,14.6356,0.3252,0.2073,0.5808
ag1,1945.75,289,36.1000,274.7333,84.7029,4.4581,117.5637,3.2635,0.0000,0.0000,144.9315,1.8210,0.0000,0.0000,144.9315,1.8210,0.0000,0.0000,0.0000,0.0000,0.0000,0.0000,2.1818,0.0274,0.0000,1098195927040.0000,8.7271,0.1097,0.0000,0.5512,0.0000,0.0000,0.0000,0.0000,0.0000,0.0000,0.0000,0.0000,16.5313,0.2614,0.0000,0.0000,0.4665,0.0196,0.0000,0.0000,117.5637,3.2635,0.0000,0.0000,144.9315,0.0000,0.0000,0.0000,0.0000,0.0000,0.0000,0.0000,0.0000,0.0000,0.0000,0.0000,9.5627,0.1978,0.0000,0.0000,58.7423,1.2151,0.0000,0.0000,2.5112,0.0527,0.0000,0.0000,15.4258,0.3238,1.3732,6.5924
ag1,1946.75,283,60.1000,257.0354,100.2731,5.2775,90.0286,13.6297,0.0000,0.0000,4.9498,0.1909,0.0000,0.0000,4.9498,0.1909,0.0000,0.0000,0.0000,0.0000,0.0000,1098196189184.0000,32.0089,1.2345,0.0000,1098195927040.0000,128.0355,4.9381,0.0000,0.0000,0.0000,0.0000,0.0108,0.0000,0.0000,0.0000,0.8403,0.0000,28.8145,0.2560,0.0000,0.0000,0.1522,0.0059,0.0000,0.0000,90.0286,13.6297,0.0000,0.0000,4.9498,0.0000,0.0000,0.0000,0.0000,0.0000,0.0000,0.0000,0.0000,0.0000,0.0000,0.0000,3.5163,0.1424,0.0000,0.0000,66.8091,2.7059,-0.0162,-0.0242,0.9165,0.0374,0.0000,0.0000,17.4139,0.7106,0.1570,0.3825
ag1,1947.75,293,3.3000,193.3341,81.4485,4.2868,74.3095,4.0879,0.0000,0.0000,63.0830,0.6625,0.0000,0.0000,63.0830,0.6625,0.0000,0.0000,0.0000,0.0000,0.0000,1098196189184.0000,11.1883,0.1175,0.0000,1098195927040.0000,44.7532,0.4700,0.0000,0.0000,0.0000,4.0400,0.0000,0.0000,0.0000,0.0000,0.8403,0.0000,13.6320,0.2028,0.0000,0.0000,0.6768,0.0309,0.0000,0.0000,74.3095,4.0879,0.0000,0.0000,63.0830,0.0000,0.0000,0.0000,0.0000,0.0000,0.0093,0.0061,0.0000,0.0000,0.0000,0.0000,2.4031,0.0515,0.0000,0.0000,45.6590,0.9793,-0.0383,-0.0438,0.9419,0.0203,0.0000,0.0000,17.8960,0.3866,0.0131,0.0308
ag1,1948.75,289,36.1000,214.5257,57.4582,3.0241,91.6234,2.9250,0.0000,0.0000,113.3337,1.6363,0.0000,0.0000,113.3337,1.6363,0.0000,0.0000,0.0000,0.0000,0.0000,0.0000,1.7061,0.0246,0.0000,1098195927040.0000,6.8244,0.0985,0.0000,0.5899,0.0000,0.0000,0.0000,0.0000,0.0000,0.0000,0.0000,0.0000,17.5934,0.1646,0.0000,0.0000,0.5112,0.0212,0.0000,0.0000,91.6234,2.9250,0.0000,0.0000,113.3337,0.0000,0.0000,0.0000,0.0000,0.0000,0.0000,0.0000,0.0000,0.0000,0.0000,0.0000,6.2747,0.1333,0.0000,0.0000,38.5445,0.8189,0.0000,0.0000,1.8804,0.0402,0.0000,0.0000,11.5511,0.2470,0.8024,3.3343
ag1,1949.75,283,60.1000,428.5082,121.6786,6.4041,158.0763,21.9634,0.0000,0.0000,8.0554,0.2845,0.0000,0.0000,8.0554,0.2845,0.0000,0.0000,0.0000,0.0000,0.0000,1098196189184.0000,52.0915,1.8397,0.0000,1098195927040.0000,208.3659,7.3587,0.0000,0.0000,0.0000,0.0000,0.2414,0.0000,0.0000,0.0000,0.8403,0.0000,25.3520,0.1682,0.0000,0.0000,0.0753,0.0029,0.0000,0.0000,158.0763,21.9634,0.0000,0.0000,8.0554,0.0000,0.0000,0.0000,0.0000,0.0000,0.0000,0.0000,0.0000,0.0000,0.0000,0.0000,4.4502,0.1785,0.0000,0.0000,84.5536,3.3923,0.0032,0.0532,1.0298,0.0417,0.0000,0.0000,19.5668,0.7932,1.6135,10.4576
ag1,1950.75,293,3.5000,224.7846,78.6209,4.1379,112.3923,6.1399,0.0000,0.0000,3.3718,0.0516,0.0000,0.0000,3.3718,0.0516,0.0000,0.0000,0.0000,0.0000,0.0000,1098196189184.0000,21.8041,0.3335,0.0000,1098195927040.0000,87.2164,1.3341,0.0000,0.0000,0.0000,5.6000,0.0000,0.0000,0.0000,0.0000,0.8403,0.0000,33.3863,0.2058,0.0000,0.0000,0.6872,0.0315,0.0000,0.0000,112.3923,6.1399,0.0000,0.0000,3.3718,0.0000,0.0000,0.0000,0.0000,0.0000,0.0000,0.0000,0.0000,0.0000,0.0000,0.0000,2.6517,0.0565,0.0000,0.0000,50.3830,1.0738,0.0203,0.0090,0.7557,0.0164,0.0000,0.0000,14.3592,0.3120,0.6457,2.6987
ag1,1951.75,283,60.2000,448.9312,132.6426,6.9812,202.0190,22.9207,0.0000,0.0000,7.4074,0.2976,0.0000,0.0000,7.4074,0.2976,0.0000,0.0000,0.0000,0.0000,0.0000,1098196189184.0000,47.9010,1.9247,0.0000,1098195927040.0000,191.6038,7.6986,0.0000,0.0000,0.0000,0.0000,0.1234,0.0000,0.0000,0.0000,0.8403,0.0000,21.1326,0.1444,0.0000,0.0000,0.5102,0.0208,0.0000,0.0000,202.0190,22.9207,0.0000,0.0000,7.4074,0.0000,0.0000,0.0000,0.0000,0.0000,0.0000,0.0000,0.0000,0.0000,0.0000,0.0000,4.9175,0.1971,0.0000,0.0000,93.4322,3.7445,-0.0115,-0.0043,1.0848,0.0438,0.0000,0.0000,20.6112,0.8331,0.7858,5.3817
ag1,1952.75,293,3.5000,208.5230,101.1515,5.3238,101.1510,5.4738,0.0000,0.0000,3.2212,0.0492,0.0000,0.0000,3.2212,0.0492,0.0000,0.0000,0.0000,0.0000,0.0000,1098196189184.0000,20.8302,0.3181,0.0000,1098195927040.0000,83.3207,1.2723,0.0000,0.0000,0.0000,5.6000,0.0000,0.0000,0.0000,0.0000,0.8403,0.0000,21.6458,0.2372,0.0000,0.0000,0.5021,0.0219,0.0000,0.0000,101.1510,5.4738,0.0000,0.0000,3.2212,0.0000,0.0000,0.0000,0.0000,0.0000,0.0499,0.0328,0.0000,0.0000,0.0000,0.0000,3.0418,0.0625,0.0000,0.0000,57.7933,1.1870,0.0459,-0.0014,1.1344,0.0234,0.0000,0.0000,21.5540,0.4453,0.3475,1.1044
ag1,1953.75,283,60.2000,127.3662,54.6293,2.8752,44.1218,6.7070,0.0000,0.0000,2.4973,0.1274,0.0000,0.0000,2.4973,0.1274,0.0000,0.0000,0.0000,0.0000,0.0000,1098196189184.0000,16.1494,0.8237,0.0000,1098195927040.0000,64.5977,3.2949,0.0000,0.0000,0.0000,0.0000,0.0070,0.0000,0.0000,0.0000,0.8403,0.0000,9.5108,0.0647,0.0000,0.0000,0.1696,0.0071,0.0000,0.0000,44.1218,6.7070,0.0000,0.0000,2.4973,0.0000,0.0000,0.0000,0.0000,0.0000,0.0000,0.0000,0.0000,0.0000,0.0000,0.0000,1.7937,0.0737,0.0000,0.0000,34.0800,1.4006,-0.0123,-0.0199,0.5648,0.0233,0.0000,0.0000,10.7310,0.4426,0.1034,0.2485
ag1,1954.75,293,3.5000,161.0616,59.8124,3.1480,68.3365,5.1817,0.0000,0.0000,2.7818,0.0606,0.0000,0.0000,2.7818,0.0606,0.0000,0.0000,0.0000,0.0000,0.0000,1098196189184.0000,17.9887,0.3916,0.0000,1098195927040.0000,71.9547,1.5662,0.0000,0.0000,0.0000,5.6000,0.0000,0.0000,0.0000,0.0000,0.8403,0.0000,0.9066,0.0000,0.0000,0.0000,0.4681,0.0207,0.0000,0.0000,68.3365,5.1817,0.0000,0.0000,2.7818,0.0000,0.0000,0.0000,0.0000,0.0000,0.0871,0.0573,0.0000,0.0000,0.0000,0.0000,1.6948,0.0376,0.0000,0.0000,32.2017,0.7150,0.0849,0.0451,0.7208,0.0160,0.0000,0.0000,13.6951,0.3042,0.3893,3.2813
ag1,1955.75,283,60.2000,337.2405,131.6040,6.9265,148.0683,18.4019,0.0000,0.0000,5.6752,0.2487,0.0000,0.0000,5.6752,0.2487,0.0000,0.0000,0.0000,0.0000,0.0000,1098196189184.0000,36.6994,1.6086,0.0000,1098195927040.0000,146.7976,6.4342,0.0000,0.0000,0.0000,0.0000,0.2353,0.0000,0.0000,0.0000,0.8403,0.0000,0.6882,0.0000,0.0000,0.0000,0.4537,0.0200,0.0000,0.0000,148.0683,18.4019,0.0000,0.0000,5.6752,0.0000,0.0000,0.0000,0.0000,0.0000,0.0000,0.0000,0.0000,0.0000,0.0000,0.0000,4.4154,0.1791,0.0000,0.0000,83.8925,3.4028,0.0010,0.0010,1.3064,0.0534,0.0000,0.0000,24.8223,1.0141,1.5375,10.2270
ag1,1956.75,293,3.5000,226.6418,75.5703,3.9774,112.7903,6.4799,0.0000,0.0000,3.4155,0.0550,0.0000,0.0000,3.4155,0.0550,0.0000,0.0000,0.0000,0.0000,0.0000,1098196189184.0000,22.0872,0.3558,0.0000,1098195927040.0000,88.3488,1.4231,0.0000,0.0000,0.0000,5.6000,0.0000,0.0000,0.0000,0.0000,0.8403,0.0000,0.1525,0.0000,0.0000,0.0000,0.3050,0.0153,0.0000,0.0000,112.7903,6.4799,0.0000,0.0000,3.4155,0.0000,0.0000,0.0000,0.0000,0.0000,0.0044,0.0000,0.0000,0.0000,0.0000,0.0000,2.4523,0.0536,0.0000,0.0000,46.5930,1.0183,-0.0419,-0.0467,0.7672,0.0169,0.0000,0.0000,14.5762,0.3208,0.0175,0.0411
ag1,1957.75,283,60.2000,481.0104,167.7170,8.8272,213.1650,25.2045,0.0000,0.0000,8.0354,0.3356,0.0000,0.0000,8.0354,0.3356,0.0000,0.0000,0.0000,0.0000,0.0000,1098196189184.0000,51.9620,2.1703,0.0000,1098195927040.0000,207.8480,8.6811,0.0000,0.0000,0.0000,0.0000,0.0343,0.0000,0.0000,0.0000,0.8403,0.0000,12.0364,0.2357,0.0000,0.0000,0.6762,0.0300,0.0000,0.0000,213.1650,25.2045,0.0000,0.0000,8.0354,0.0000,0.0000,0.0000,0.0000,0.0000,0.0000,0.0000,0.0000,0.0000,0.0000,0.0000,5.9697,0.2402,0.0000,0.0000,113.4243,4.5631,-0.0583,-0.0503,1.4857,0.0602,0.0000,0.0000,28.2285,1.1436,0.4224,1.2918
ag1,1958.75,293,3.5000,352.6430,113.9304,5.9963,176.3215,7.0072,0.0000,0.0000,5.2896,0.0589,0.0000,0.0000,5.2896,0.0589,0.0000,0.0000,0.0000,0.0000,0.0000,1098196189184.0000,34.2064,0.3806,0.0000,1098195927040.0000,136.8255,1.5225,0.0000,0.0000,0.0000,5.6000,0.0000,0.0000,0.0000,0.0000,0.8403,0.0000,19.1428,0.3336,0.0000,0.0000,0.8010,0.0381,0.0000,0.0000,176.3215,7.0072,0.0000,0.0000,5.2896,0.0000,0.0000,0.0000,0.0000,0.0000,0.0274,0.0000,0.0000,0.0000,0.0000,0.0000,3.9360,0.0802,0.0000,0.0000,74.7835,1.5239,-0.0865,-0.0678,1.0460,0.0216,0.0000,0.0000,19.8736,0.4108,0.0879,0.2116
ag1,1959.75,283,60.2000,137.4181,48.0336,2.5281,60.2667,7.8277,0.0000,0.0000,2.3145,0.1060,0.0000,0.0000,2.3145,0.1060,0.0000,0.0000,0.0000,0.0000,0.0000,1098196189184.0000,14.9674,0.6855,0.0000,1098195927040.0000,59.8695,2.7419,0.0000,0.0000,0.0000,0.0000,0.1671,0.0000,0.0000,0.0000,0.8403,0.0000,22.7679,0.2105,0.0000,0.0000,0.5441,0.0220,0.0000,0.0000,60.2667,7.8277,0.0000,0.0000,2.3145,0.0000,0.0000,0.0000,0.0000,0.0000,0.0000,0.0000,0.0000,0.0000,0.0000,0.0000,1.5913,0.0651,0.0000,0.0000,30.2356,1.2363,0.1671,0.0275,0.4872,0.0201,0.0000,0.0000,9.2577,0.3815,1.0536,7.3012
ag1,1960.75,293,3.7000,324.0672,153.3421,8.0706,184.4931,7.2364,0.0000,0.0000,4.1872,0.0682,0.0000,0.0000,4.1872,0.0682,0.0000,0.0000,0.0000,0.0000,0.0000,1098196189184.0000,27.0774,0.4409,0.0000,1098195927040.0000,108.3095,1.7636,0.0000,0.0000,0.0000,10.0000,0.0000,0.0000,0.0000,0.0000,0.8403,0.0000,14.1453,0.1775,0.0000,0.0000,0.5680,0.0254,0.0000,0.0000,184.4931,7.2364,0.0000,0.0000,4.1872,0.0000,0.0000,0.0000,0.0000,0.0000,0.0823,0.0000,0.0000,0.0000,0.0000,0.0000,4.8675,0.1026,0.0000,0.0000,92.4830,1.9485,0.0108,-0.0131,1.6055,0.0341,0.0000,0.0000,30.5051,0.6487,0.0884,0.2706
ag1,1961.75,283,60.2000,306.4998,126.3711,6.6511,132.1304,16.6087,0.0000,0.0000,5.2311,0.2312,0.0000,0.0000,5.2311,0.2312,0.0000,0.0000,0.0000,0.0000,0.0000,1098196189184.0000,33.8277,1.4948,0.0000,1098195927040.0000,135.3107,5.9791,0.0000,0.0000,0.0000,0.0000,0.0212,0.0000,0.0000,0.0000,0.8403,0.0000,26.4138,0.2130,0.0000,0.0000,0.5579,0.0224,0.0000,0.0000,132.1304,16.6087,0.0000,0.0000,5.2311,0.0000,0.0000,0.0000,0.0000,0.0000,0.0000,0.0000,0.0000,0.0000,0.0000,0.0000,4.3414,0.1760,0.0000,0.0000,82.4866,3.3435,-0.0213,0.0025,1.2031,0.0490,0.0000,0.0000,22.8592,0.9312,0.2999,0.7598
ag1,1962.75,293,3.7000,405.2265,158.6864,8.3519,243.1359,8.3262,0.0000,0.0000,4.8627,0.0699,0.0000,0.0000,4.8627,0.0699,0.0000,0.0000,0.0000,0.0000,0.0000,1098196189184.0000,31.4456,0.4523,0.0000,1098195927040.0000,125.7823,1.8091,0.0000,0.0000,0.0000,10.0000,0.0000,0.0000,0.0000,0.0000,0.8403,0.0000,22.5977,0.1559,0.0000,0.0000,0.4982,0.0235,0.0000,0.0000,243.1359,8.3262,0.0000,0.0000,4.8627,0.0000,0.0000,0.0000,0.0000,0.0000,0.1462,0.0000,0.0000,0.0000,0.0000,0.0000,5.2868,0.1121,0.0000,0.0000,100.4492,2.1302,-0.0093,-0.0478,1.5410,0.0332,0.0000,0.0000,29.2793,0.6308,0.6349,5.6114
ag1,1963.75,283,60.2000,168.7345,62.7894,3.3047,73.9624,9.6662,0.0000,0.0000,2.8432,0.1310,0.0000,0.0000,2.8432,0.1310,0.0000,0.0000,0.0000,0.0000,0.0000,1098196189184.0000,18.3858,0.8472,0.0000,1098195927040.0000,73.5431,3.3887,0.0000,0.0000,0.0000,0.0000,0.0115,0.0000,0.0000,0.0000,0.8403,0.0000,6.8656,0.0003,0.0000,0.0000,0.3000,0.0128,0.0000,0.0000,73.9624,9.6662,0.0000,0.0000,2.8432,0.0000,0.0000,0.0000,0.0000,0.0000,0.0000,0.0000,0.0000,0.0000,0.0000,0.0000,2.2147,0.0906,0.0000,0.0000,42.0794,1.7215,-0.0177,-0.0253,0.5754,0.0237,0.0000,0.0000,10.9323,0.4502,0.1665,0.4068
ag1,1964.75,293,3.7000,131.9794,50.9793,2.6831,72.2589,4.8317,0.0000,0.0000,1.7916,0.0493,0.0000,0.0000,1.7916,0.0493,0.0000,0.0000,0.0000,0.0000,0.0000,1098196189184.0000,11.5858,0.3187,0.0000,1098195927040.0000,46.3431,1.2747,0.0000,0.0000,0.0000,10.0000,0.0000,0.0000,0.0000,0.0000,0.8403,0.0000,12.0867,0.0406,0.0000,0.0000,0.7254,0.0348,0.0000,0.0000,72.2589,4.8317,0.0000,0.0000,1.7916,0.0000,0.0000,0.0000,0.0000,0.0000,0.0104,0.0069,0.0000,0.0000,0.0000,0.0000,1.5682,0.0348,0.0000,0.0000,29.7951,0.6621,-0.0411,-0.0465,0.5606,0.0125,0.0000,0.0000,10.6515,0.2367,0.0029,0.0068
ag1,1965.75,283,60.2000,469.5597,144.1807,7.5885,211.1244,25.5838,0.0000,0.0000,7.7531,0.3327,0.0000,0.0000,7.7531,0.3327,0.0000,0.0000,0.0000,0.0000,0.0000,1098196189184.0000,50.1365,2.1513,0.0000,1098195927040.0000,200.5458,8.6051,0.0000,0.0000,0.0000,0.0000,0.1764,0.0000,0.0000,0.0000,0.8403,0.0000,20.4044,0.3033,0.0000,0.0000,0.6838,0.0333,0.0000,0.0000,211.1244,25.5838,0.0000,0.0000,7.7531,0.0000,0.0000,0.0000,0.0000,0.0000,0.0000,0.0000,0.0000,0.0000,0.0000,0.0000,5.2307,0.2123,0.0000,0.0000,99.3842,4.0333,0.0011,0.0010,1.2323,0.0505,0.0000,0.0000,23.4131,0.9590,1.1187,7.7018
ag1,1966.75,293,3.7000,210.6044,74.9870,3.9467,121.7758,6.3572,0.0000,0.0000,2.6649,0.0580,0.0000,0.0000,2.6649,0.0580,0.0000,0.0000,0.0000,0.0000,0.0000,1098196189184.0000,17.2327,0.3748,0.0000,1098195927040.0000,68.9310,1.4991,0.0000,0.0000,0.0000,10.0000,0.0000,0.0000,0.0000,0.0000,0.8403,0.0000,13.5442,0.2623,0.0000,0.0000,0.6560,0.0342,0.0000,0.0000,121.7758,6.3572,0.0000,0.0000,2.6649,0.0000,0.0000,0.0000,0.0000,0.0000,0.0951,0.0626,0.0000,0.0000,0.0000,0.0000,2.2641,0.0503,0.0000,0.0000,43.0175,0.9559,0.0023,0.0158,0.8241,0.0183,0.0000,0.0000,15.6570,0.3479,0.4080,3.6227
ag1,1967.75,283,60.2000,138.9145,63.0595,3.3189,58.3305,8.2509,0.0000,0.0000,2.4175,0.1196,0.0000,0.0000,2.4175,0.1196,0.0000,0.0000,0.0000,0.0000,0.0000,1098196189184.0000,15.6333,0.7736,0.0000,1098195927040.0000,62.5331,3.0944,0.0000,0.0000,0.0000,0.0000,0.0015,0.0000,0.0000,0.0000,0.8403,0.0000,19.6194,0.1425,0.0000,0.0000,0.0953,0.0050,0.0000,0.0000,58.3305,8.2509,0.0000,0.0000,2.4175,0.0000,0.0000,0.0000,0.0000,0.0000,0.0000,0.0000,0.0000,0.0000,0.0000,0.0000,2.1060,0.0869,0.0000,0.0000,40.0145,1.6519,0.0123,-0.0166,0.6253,0.0259,0.0000,0.0000,11.8808,0.4928,0.0220,0.0544
ag1,1968.75,293,3.7000,474.4719,171.8761,9.0461,284.6831,9.4417,0.0000,0.0000,5.6937,0.0793,0.0000,0.0000,5.6937,0.0793,0.0000,0.0000,0.0000,0.0000,0.0000,1098196189184.0000,36.8190,0.5129,0.0000,1098195927040.0000,147.2761,2.0515,0.0000,0.0000,0.0000,10.0000,0.0000,0.0000,0.0000,0.0000,0.8403,0.0000,17.8169,0.2344,0.0000,0.0000,0.4254,0.0220,0.0000,0.0000,284.6831,9.4417,0.0000,0.0000,5.6937,0.0000,0.0000,0.0000,0.0000,0.0000,0.0299,0.0000,0.0000,0.0000,0.0000,0.0000,5.8254,0.1265,0.0000,0.0000,110.6826,2.4032,-0.0718,-0.0615,1.6205,0.0355,0.0000,0.0000,30.7898,0.6752,0.0552,0.1322
ag1,1969.75,283,60.2000,257.3372,63.5607,3.3453,115.8018,13.7628,0.0000,0.0000,4.2461,0.1787,0.0000,0.0000,4.2461,0.1787,0.0000,0.0000,0.0000,0.0000,0.0000,1098196189184.0000,27.4579,1.1557,0.0000,1098195927040.0000,109.8315,4.6227,0.0000,0.0000,0.0000,0.0000,0.2326,0.0000,0.0000,0.0000,0.8403,0.0000,19.1671,0.2249,0.0000,0.0000,1.1268,0.0466,0.0000,0.0000,115.8018,13.7628,0.0000,0.0000,4.2461,0.0000,0.0000,0.0000,0.0000,0.0000,0.0000,0.0000,0.0000,0.0000,0.0000,0.0000,2.4164,0.0976,0.0000,0.0000,45.9108,1.8543,0.0207,0.0193,0.5068,0.0207,0.0000,0.0000,9.6299,0.3935,1.4890,10.1405
ag1,1970.75,293,3.9000,379.7202,107.2175,5.6430,227.8321,8.6500,0.0000,0.0000,4.5566,0.0727,0.0000,0.0000,4.5566,0.0727,0.0000,0.0000,0.0000,0.0000,0.0000,1098196189184.0000,29.4663,0.4699,0.0000,1098195927040.0000,117.8652,1.8795,0.0000,0.0000,0.0000,15.7000,0.0000,0.0000,0.0000,0.0000,0.8403,0.0000,17.7801,0.2061,0.0000,0.0000,0.8531,0.0416,0.0000,0.0000,227.8321,8.6500,0.0000,0.0000,4.5566,0.0000,0.0000,0.0000,0.0000,0.0000,0.0932,0.0613,0.0000,0.0000,0.0000,0.0000,3.5372,0.0786,0.0000,0.0000,67.2062,1.4935,0.0010,0.0112,1.0637,0.0236,0.0000,0.0000,20.2105,0.4491,0.2516,2.2460
ag1,1971.75,283,60.2000,433.2149,99.6679,5.2457,195.6619,23.4863,0.0000,0.0000,7.1266,0.3031,0.0000,0.0000,7.1266,0.3031,0.0000,0.0000,0.0000,0.0000,0.0000,1098196189184.0000,46.0853,1.9602,0.0000,1098195927040.0000,184.3411,7.8408,0.0000,0.0000,0.0000,0.0000,0.0905,0.0000,0.0000,0.0000,0.8403,0.0000,13.9018,0.0875,0.0000,0.0000,0.8783,0.0402,0.0000,0.0000,195.6619,23.4863,0.0000,0.0000,7.1266,0.0000,0.0000,0.0000,0.0000,0.0000,0.0000,0.0000,0.0000,0.0000,0.0000,0.0000,3.7829,0.1528,0.0000,0.0000,71.8757,2.9027,0.0104,0.0097,0.7902,0.0322,0.0000,0.0000,15.0138,0.6112,0.5492,3.9739
ag1,1972.75,293,3.9000,456.7557,93.4485,4.9183,274.0534,9.5810,0.0000,0.0000,5.4811,0.0805,0.0000,0.0000,5.4811,0.0805,0.0000,0.0000,0.0000,0.0000,0.0000,1098196189184.0000,35.4442,0.5204,0.0000,1098195927040.0000,141.7770,2.0818,0.0000,0.0000,0.0000,15.7000,0.0000,0.0000,0.0000,0.0000,0.8403,0.0000,16.3589,0.2351,0.0000,0.0000,1.2010,0.0596,0.0000,0.0000,274.0534,9.5810,0.0000,0.0000,5.4811,0.0000,0.0000,0.0000,0.0000,0.0000,0.0679,0.0446,0.0000,0.0000,0.0000,0.0000,3.3519,0.0745,0.0000,0.0000,63.6866,1.4153,-0.0025,0.0005,0.7971,0.0177,0.0000,0.0000,15.1449,0.3366,0.1242,1.0794
ag1,1973.75,283,60.2000,590.7411,187.3827,9.8623,265.8335,32.3989,0.0000,0.0000,9.7472,0.4207,0.0000,0.0000,9.7472,0.4207,0.0000,0.0000,0.0000,0.0000,0.0000,1098196189184.0000,63.0321,2.7205,0.0000,1098195927040.0000,252.1283,10.8822,0.0000,0.0000,0.0000,0.0000,0.2355,0.0000,0.0000,0.0000,0.8403,0.0000,42.2397,0.5277,0.0000,0.0000,0.8289,0.0379,0.0000,0.0000,265.8335,32.3989,0.0000,0.0000,9.7472,0.0000,0.0000,0.0000,0.0000,0.0000,0.0000,0.0000,0.0000,0.0000,0.0000,0.0000,6.5885,0.2670,0.0000,0.0000,125.1807,5.0731,0.0034,-0.0034,1.7146,0.0700,0.0000,0.0000,32.5782,1.3294,1.4877,10.2884
ag1,1974.75,293,3.9000,575.7105,214.3783,11.2831,345.4263,11.0357,0.0000,0.0000,6.9085,0.0927,0.0000,0.0000,6.9085,0.0927,0.0000,0.0000,0.0000,0.0000,0.0000,1098196189184.0000,44.6751,0.5995,0.0000,1098195927040.0000,178.7005,2.3978,0.0000,0.0000,0.0000,15.7000,0.0000,0.0000,0.0000,0.0000,0.8403,0.0000,46.8174,0.3590,0.0000,0.0000,1.0635,0.0513,0.0000,0.0000,345.4263,11.0357,0.0000,0.0000,6.9085,0.0000,0.0000,0.0000,0.0000,0.0000,0.0374,0.0246,0.0000,0.0000,0.0000,0.0000,7.3638,0.1643,0.0000,0.0000,139.9115,3.1220,-0.0076,-0.0202,1.9108,0.0425,0.0000,0.0000,36.3050,0.8077,0.0592,0.1532
ag1,1975.75,283,60.2000,579.2637,190.4870,10.0256,261.2220,31.7480,0.0000,0.0000,9.5412,0.4108,0.0000,0.0000,9.5412,0.4108,0.0000,0.0000,0.0000,0.0000,0.0000,1098196189184.0000,61.7001,2.6565,0.0000,1098195927040.0000,246.8003,10.6261,0.0000,0.0000,0.0000,0.0000,0.2339,0.0000,0.0000,0.0000,0.8403,0.0000,23.9233,0.2432,0.0000,0.0000,1.0676,0.0448,0.0000,0.0000,261.2220,31.7480,0.0000,0.0000,9.5412,0.0000,0.0000,0.0000,0.0000,0.0000,0.0000,0.0000,0.0000,0.0000,0.0000,0.0000,6.8500,0.2773,0.0000,0.0000,130.1508,5.2693,0.0046,0.0004,1.6408,0.0669,0.0000,0.0000,31.1751,1.2702,1.4841,10.2105
ag1,1976.75,293,3.9000,667.0736,188.6602,9.9295,400.2442,12.2792,0.0000,0.0000,8.0049,0.1031,0.0000,0.0000,8.0049,0.1031,0.0000,0.0000,0.0000,0.0000,0.0000,1098196189184.0000,51.7649,0.6670,0.0000,1098195927040.0000,207.0596,2.6680,0.0000,0.0000,0.0000,15.7000,0.0000,0.0000,0.0000,0.0000,0.8403,0.0000,16.5120,0.1983,0.0000,0.0000,1.0400,0.0488,0.0000,0.0000,400.2442,12.2792,0.0000,0.0000,8.0049,0.0000,0.0000,0.0000,0.0000,0.0000,0.0862,0.0567,0.0000,0.0000,0.0000,0.0000,6.7037,0.1514,0.0000,0.0000,127.3698,2.8774,0.0156,0.0038,1.6096,0.0359,0.0000,0.0000,30.5833,0.6828,0.1008,0.7483
ag1,1977.75,283,60.2000,348.6748,72.8542,3.8344,156.9273,19.2564,0.0000,0.0000,5.7524,0.2500,0.0000,0.0000,5.7524,0.2500,0.0000,0.0000,0.0000,0.0000,0.0000,1098196189184.0000,37.1990,1.6166,0.0000,1098195927040.0000,148.7961,6.4662,0.0000,0.0000,0.0000,0.0000,0.1195,0.0000,0.0000,0.0000,0.8403,0.0000,10.2757,0.1346,0.0000,0.0000,1.4499,0.0617,0.0000,0.0000,156.9273,19.2564,0.0000,0.0000,5.7524,0.0000,0.0000,0.0000,0.0000,0.0000,0.0000,0.0000,0.0000,0.0000,0.0000,0.0000,2.8348,0.1229,0.0000,0.0000,53.8605,2.3346,0.0011,0.0010,0.5461,0.0256,0.0000,0.0000,10.3762,0.4864,0.6870,5.2868
ag1,1978.75,293,3.9000,518.0721,153.8718,8.0985,311.0366,10.3243,0.0000,0.0000,6.2111,0.0866,0.0000,0.0000,6.2111,0.0866,0.0000,0.0000,0.0000,0.0000,0.0000,1098196189184.0000,40.1649,0.5600,0.0000,1098195927040.0000,160.6596,2.2401,0.0000,0.0000,0.0000,15.7000,0.0000,0.0000,0.0000,0.0000,0.8403,0.0000,21.9289,0.1632,0.0000,0.0000,0.9512,0.0444,0.0000,0.0000,311.0366,10.3243,0.0000,0.0000,6.2111,0.0000,0.0000,0.0000,0.0000,0.0000,0.0310,0.0204,0.0000,0.0000,0.0000,0.0000,5.2363,0.1164,0.0000,0.0000,99.4903,2.2109,-0.0515,-0.0348,1.4304,0.0318,0.0000,0.0000,27.1784,0.6040,0.2000,0.4910
ag1,1979.75,283,60.2000,355.1794,66.9935,3.5260,159.9159,19.4177,0.0000,0.0000,5.8579,0.2519,0.0000,0.0000,5.8579,0.2519,0.0000,0.0000,0.0000,0.0000,0.0000,1098196189184.0000,37.8811,1.6291,0.0000,1098195927040.0000,151.5245,6.5163,0.0000,0.0000,0.0000,0.0000,0.0574,0.0000,0.0000,0.0000,0.8403,0.0000,29.9480,0.2514,0.0000,0.0000,0.9282,0.0408,0.0000,0.0000,159.9159,19.4177,0.0000,0.0000,5.8579,0.0000,0.0000,0.0000,0.0000,0.0000,0.0000,0.0000,0.0000,0.0000,0.0000,0.0000,2.6969,0.1091,0.0000,0.0000,51.2402,2.0720,-0.0078,-0.0127,0.4590,0.0188,0.0000,0.0000,8.7204,0.3563,0.3325,2.5366
ag1,1980.75,293,3.1000,623.0242,264.6355,13.9282,374.1182,11.4520,0.0000,0.0000,7.4672,0.0960,0.0000,0.0000,7.4672,0.0960,0.0000,0.0000,0.0000,0.0000,0.0000,1098196189184.0000,48.2878,0.6209,0.0000,1098195927040.0000,193.1511,2.4837,0.0000,0.0000,0.0000,15.7000,0.0000,0.0000,0.0000,0.0000,0.8403,0.0000,12.2712,0.2076,0.0000,0.0000,0.9538,0.0448,0.0000,0.0000,374.1182,11.4520,0.0000,0.0000,7.4672,0.0000,0.0000,0.0000,0.0000,0.0000,0.1157,0.0761,0.0000,0.0000,0.0000,0.0000,8.5678,0.1902,0.0000,0.0000,162.7880,3.6145,0.0161,-0.0370,2.6316,0.0584,0.0000,0.0000,50.0006,1.1092,0.2505,0.7410
ag1,1981.75,283,60.0000,528.5466,151.8650,7.9929,264.2733,28.3670,0.0000,0.0000,7.9282,0.3683,0.0000,0.0000,7.9282,0.3683,0.0000,0.0000,0.0000,0.0000,0.0000,1098196189184.0000,51.2690,2.3820,0.0000,1098195927040.0000,205.0761,9.5279,0.0000,0.0000,0.0000,0.0000,0.1292,0.0000,0.0000,0.0000,0.8403,0.0000,21.8772,0.4111,0.0000,0.0000,1.4555,0.0591,0.0000,0.0000,264.2733,28.3670,0.0000,0.0000,7.9282,0.0000,0.0000,0.0000,0.0000,0.0000,0.0000,0.0000,0.0000,0.0000,0.0000,0.0000,5.6650,0.2311,0.0000,0.0000,107.6355,4.3904,0.0007,0.0008,1.2195,0.0506,0.0000,0.0000,23.1709,0.9608,0.7668,5.6923
ag1,1982.75,293,3.1000,707.3680,321.4997,16.9210,424.1336,12.2488,0.0000,0.0000,8.4970,0.1030,0.0000,0.0000,8.4970,0.1030,0.0000,0.0000,0.0000,0.0000,0.0000,1098196189184.0000,54.9475,0.6664,0.0000,1098195927040.0000,219.7899,2.6655,0.0000,0.0000,0.0000,15.7000,0.0000,0.0000,0.0000,0.0000,0.8403,0.0000,32.8275,0.1458,0.0000,0.0000,0.4009,0.0178,0.0000,0.0000,424.1336,12.2488,0.0000,0.0000,8.4970,0.0000,0.0000,0.0000,0.0000,0.0000,0.1784,0.0000,0.0000,0.0000,0.0000,0.0000,10.8875,0.2538,0.0000,0.0000,206.8618,4.8223,0.0065,-0.0320,2.9783,0.0654,0.0000,0.0000,56.5885,1.2426,0.5525,1.5108
ag1,1983.75,283,60.0000,341.8573,136.6163,7.1903,171.9364,20.6816,0.0000,0.0000,5.0976,0.2659,0.0000,0.0000,5.0976,0.2659,0.0000,0.0000,0.0000,0.0000,0.0000,1098196189184.0000,32.9647,1.7198,0.0000,1098195927040.0000,131.8586,6.8791,0.0000,0.0000,0.0000,0.0000,0.0228,0.0000,0.0000,0.0000,0.8403,0.0000,33.8297,0.2890,0.0000,0.0000,1.6647,0.0649,0.0000,0.0000,171.9364,20.6816,0.0000,0.0000,5.0976,0.0000,0.0000,0.0000,0.0000,0.0000,0.0000,0.0000,0.0000,0.0000,0.0000,0.0000,4.5172,0.2159,0.0000,0.0000,85.8270,4.1019,-0.0373,-0.0387,1.3838,0.0673,0.0000,0.0000,26.2927,1.2791,0.3126,0.8255
ag1,1984.75,293,3.1000,425.8349,173.1830,9.1149,254.4282,9.3490,0.0000,0.0000,5.1422,0.0793,0.0000,0.0000,5.1422,0.0793,0.0000,0.0000,0.0000,0.0000,0.0000,1098196189184.0000,33.2529,0.5127,0.0000,1098195927040.0000,133.0116,2.0509,0.0000,0.0000,0.0000,15.7000,0.0000,0.0000,0.0000,0.0000,0.8403,0.0000,38.1717,0.2066,0.0000,0.0000,0.9568,0.0418,0.0000,0.0000,254.4282,9.3490,0.0000,0.0000,5.1422,0.0000,0.0000,0.0000,0.0000,0.0000,0.1006,0.0662,0.0000,0.0000,0.0000,0.0000,5.6185,0.1262,0.0000,0.0000,106.7524,2.3975,-0.0042,-0.0219,1.7033,0.0384,0.0000,0.0000,32.3621,0.7305,0.4757,1.2714
ag1,1985.75,283,60.0000,504.4644,139.1258,7.3224,252.4470,27.7096,0.0000,0.0000,7.5605,0.3593,0.0000,0.0000,7.5605,0.3593,0.0000,0.0000,0.0000,0.0000,0.0000,1098196189184.0000,48.8914,2.3235,0.0000,1098195927040.0000,195.5655,9.2940,0.0000,0.0000,0.0000,0.0000,0.1125,0.0000,0.0000,0.0000,0.8403,0.0000,21.9356,0.1350,0.0000,0.0000,0.9983,0.0427,0.0000,0.0000,252.4470,27.7096,0.0000,0.0000,7.5605,0.0000,0.0000,0.0000,0.0000,0.0000,0.0000,0.0000,0.0000,0.0000,0.0000,0.0000,5.2084,0.2110,0.0000,0.0000,98.9589,4.0096,-0.0172,-0.0143,1.1093,0.0453,0.0000,0.0000,21.0769,0.8605,0.7173,4.9082
ag1,1986.75,293,3.1000,681.5322,214.9685,11.3141,396.6185,12.2327,0.0000,0.0000,8.5474,0.1100,0.0000,0.0000,8.5474,0.1100,0.0000,0.0000,0.0000,0.0000,0.0000,1098196189184.0000,55.2733,0.7112,0.0000,1098195927040.0000,221.0930,2.8449,0.0000,0.0000,0.0000,15.7000,0.0000,0.0000,0.0000,0.0000,0.8403,0.0000,7.3484,0.0739,0.0000,0.0000,1.2312,0.0587,0.0000,0.0000,396.6185,12.2327,0.0000,0.0000,8.5474,0.0000,0.0000,0.0000,0.0000,0.0000,0.1385,0.0911,0.0000,0.0000,0.0000,0.0000,7.2954,0.1630,0.0000,0.0000,138.6129,3.0970,-0.0012,0.0007,2.0167,0.0449,0.0000,0.0000,38.3169,0.8524,2.9587,14.2743
ag1,1987.75,283,60.0000,485.3287,138.1601,7.2716,244.1551,27.1162,0.0000,0.0000,7.2352,0.3485,0.0000,0.0000,7.2352,0.3485,0.0000,0.0000,0.0000,0.0000,0.0000,1098196189184.0000,46.7877,2.2539,0.0000,1098195927040.0000,187.1507,9.0156,0.0000,0.0000,0.0000,0.0000,0.0291,0.0000,0.0000,0.0000,0.8403,0.0000,6.7147,0.1743,0.0000,0.0000,0.4263,0.0178,0.0000,0.0000,244.1551,27.1162,0.0000,0.0000,7.2352,0.0000,0.0000,0.0000,0.0000,0.0000,0.0000,0.0000,0.0000,0.0000,0.0000,0.0000,4.9786,0.2054,0.0000,0.0000,94.5938,3.9025,-0.0047,-0.0037,1.1987,0.0505,0.0000,0.0000,22.7752,0.9586,0.1549,1.3005
ag1,1988.75,293,3.1000,167.0899,49.3362,2.5966,96.3047,5.7120,0.0000,0.0000,2.1236,0.0524,0.0000,0.0000,2.1236,0.0524,0.0000,0.0000,0.0000,0.0000,0.0000,1098196189184.0000,13.7323,0.3391,0.0000,1098195927040.0000,54.9293,1.3563,0.0000,0.0000,0.0000,15.7000,0.0000,0.0000,0.0000,0.0000,0.8403,0.0000,19.2955,0.1770,0.0000,0.0000,1.0878,0.0502,0.0000,0.0000,96.3047,5.7120,0.0000,0.0000,2.1236,0.0000,0.0000,0.0000,0.0000,0.0000,0.1864,0.1226,0.0000,0.0000,0.0000,0.0000,1.6671,0.0370,0.0000,0.0000,31.6754,0.7039,0.0573,-0.0087,0.4579,0.0102,0.0000,0.0000,8.6999,0.1933,0.4754,4.0621
ag1,1989.75,283,60.0000,439.5343,135.1179,7.1115,219.7672,25.4464,0.0000,0.0000,6.5930,0.3304,0.0000,0.0000,6.5930,0.3304,0.0000,0.0000,0.0000,0.0000,0.0000,1098196189184.0000,42.6348,2.1367,0.0000,1098195927040.0000,170.5393,8.5469,0.0000,0.0000,0.0000,0.0000,0.1388,0.0000,0.0000,0.0000,0.8403,0.0000,24.1313,0.3853,0.0000,0.0000,1.3409,0.0667,0.0000,0.0000,219.7672,25.4464,0.0000,0.0000,6.5930,0.0000,0.0000,0.0000,0.0000,0.0000,0.0000,0.0000,0.0000,0.0000,0.0000,0.0000,4.9064,0.2011,0.0000,0.0000,93.2208,3.8204,-0.0248,-0.0002,1.1498,0.0475,0.0000,0.0000,21.8453,0.9020,0.8824,6.0601
ag1,1990.75,293,3.1000,777.7409,367.3386,19.3336,467.0744,13.3066,0.0000,0.0000,9.3200,0.1115,0.0000,0.0000,9.3200,0.1115,0.0000,0.0000,0.0000,0.0000,0.0000,1098196189184.0000,60.2693,0.7213,0.0000,1098195927040.0000,241.0772,2.8852,0.0000,0.0000,0.0000,15.7000,0.0000,0.0000,0.0000,0.0000,0.8403,0.0000,28.1547,0.3088,0.0000,0.0000,0.5904,0.0297,0.0000,0.0000,467.0744,13.3066,0.0000,0.0000,9.3200,0.0000,0.0000,0.0000,0.0000,0.0000,0.1411,0.0928,0.0000,0.0000,0.0000,0.0000,12.1394,0.2939,0.0000,0.0000,230.6492,5.5844,0.0011,0.0010,3.5336,0.0790,0.0000,0.0000,67.1377,1.5004,4.1588,9.9846
ag1,1991.75,283,60.0000,119.0865,41.6716,2.1932,58.9589,9.6766,0.0000,0.0000,1.8038,0.1277,0.0000,0.0000,1.8038,0.1277,0.0000,0.0000,0.0000,0.0000,0.0000,1098196189184.0000,11.6647,0.8258,0.0000,1098195927040.0000,46.6590,3.3034,0.0000,0.0000,0.0000,0.0000,0.0383,0.0000,0.0000,0.0000,0.8403,0.0000,37.4732,0.2721,0.0000,0.0000,1.2567,0.0520,0.0000,0.0000,58.9589,9.6766,0.0000,0.0000,1.8038,0.0000,0.0000,0.0000,0.0000,0.0000,0.1672,0.0000,0.0000,0.0000,0.0000,0.0000,1.3968,0.1099,0.0000,0.0000,26.5398,2.0888,0.0560,0.0215,0.4161,0.0353,0.0000,0.0000,7.9053,0.6710,0.4884,1.4266
ag1,1992.75,293,3.1000,691.6849,294.5480,15.5025,414.8402,13.0262,0.0000,0.0000,8.3053,0.1095,0.0000,0.0000,8.3053,0.1095,0.0000,0.0000,0.0000,0.0000,0.0000,1098196189184.0000,53.7079,0.7082,0.0000,1098195927040.0000,214.8315,2.8330,0.0000,0.0000,0.0000,15.7000,0.0000,0.0000,0.0000,0.0000,0.8403,0.0000,7.9678,0.1360,0.0000,0.0000,1.0824,0.0488,0.0000,0.0000,414.8402,13.0262,0.0000,0.0000,8.3053,0.0000,0.0000,0.0000,0.0000,0.0000,0.0000,0.0000,0.0000,0.0000,0.0000,0.0000,10.6964,0.2603,0.0000,0.0000,203.2318,4.9452,0.0137,-0.0188,2.3953,0.0621,0.0000,0.0000,45.5099,1.1795,0.2408,2.0755
ag1,1993.75,283,60.0000,526.9044,154.2590,8.1189,263.4522,28.7630,0.0000,0.0000,7.9036,0.3735,0.0000,0.0000,7.9036,0.3735,0.0000,0.0000,0.0000,0.0000,0.0000,1098196189184.0000,51.1097,2.4152,0.0000,1098195927040.0000,204.4389,9.6609,0.0000,0.0000,0.0000,0.0000,0.0499,0.0000,0.0000,0.0000,0.8403,0.0000,58.9619,0.6443,0.0000,0.0000,1.2576,0.0489,0.0000,0.0000,263.4522,28.7630,0.0000,0.0000,7.9036,0.0000,0.0000,0.0000,0.0000,0.0000,0.0000,0.0000,0.0000,0.0000,0.0000,0.0000,5.6803,0.2346,0.0000,0.0000,107.9254,4.4575,0.0026,0.0007,1.2727,0.0537,0.0000,0.0000,24.1821,1.0201,0.2519,2.2446
ag1,1994.75,293,3.1000,288.9663,132.9480,6.9973,171.9514,7.5367,0.0000,0.0000,3.5104,0.0645,0.0000,0.0000,3.5104,0.0645,0.0000,0.0000,0.0000,0.0000,0.0000,1098196189184.0000,22.7009,0.4172,0.0000,1098195927040.0000,90.8036,1.6686,0.0000,0.0000,0.0000,15.7000,0.0000,0.0000,0.0000,0.0000,0.8403,0.0000,24.4619,0.2354,0.0000,0.0000,0.6452,0.0289,0.0000,0.0000,171.9514,7.5367,0.0000,0.0000,3.5104,0.0000,0.0000,0.0000,0.0000,0.0000,0.2370,0.1559,0.0000,0.0000,0.0000,0.0000,4.2264,0.0939,0.0000,0.0000,80.3008,1.7845,0.0211,0.0082,1.3162,0.0292,0.0000,0.0000,25.0080,0.5557,1.3999,11.3458
ag1,1995.75,283,60.0000,268.7055,79.9314,4.2069,134.7036,16.1073,0.0000,0.0000,4.0201,0.2083,0.0000,0.0000,4.0201,0.2083,0.0000,0.0000,0.0000,0.0000,0.0000,1098196189184.0000,25.9964,1.3467,0.0000,1098195927040.0000,103.9855,5.3868,0.0000,0.0000,0.0000,0.0000,0.0320,0.0000,0.0000,0.0000,0.8403,0.0000,29.5805,0.2975,0.0000,0.0000,1.4550,0.0678,0.0000,0.0000,134.7036,16.1073,0.0000,0.0000,4.0201,0.0000,0.0000,0.0000,0.0000,0.0000,0.0000,0.0000,0.0000,0.0000,0.0000,0.0000,2.8087,0.1153,0.0000,0.0000,53.3648,2.1904,-0.0096,-0.0074,0.7277,0.0301,0.0000,0.0000,13.8269,0.5713,0.4362,1.1653
ag1,1996.75,293,3.1000,654.1153,308.4786,16.2357,388.2178,11.5123,0.0000,0.0000,7.9769,0.0991,0.0000,0.0000,7.9769,0.0991,0.0000,0.0000,0.0000,0.0000,0.0000,1098196189184.0000,51.5841,0.6410,0.0000,1098195927040.0000,206.3364,2.5638,0.0000,0.0000,0.0000,15.7000,0.0000,0.0000,0.0000,0.0000,0.8403,0.0000,13.3327,0.1309,0.0000,0.0000,0.9562,0.0450,0.0000,0.0000,388.2178,11.5123,0.0000,0.0000,7.9769,0.0000,0.0000,0.0000,0.0000,0.0000,0.0504,0.0000,0.0000,0.0000,0.0000,0.0000,10.3317,0.2280,0.0000,0.0000,196.3024,4.3312,-0.0124,-0.0399,2.8921,0.0626,0.0000,0.0000,54.9503,1.1896,0.1372,0.3404
ag1,1997.75,283,60.0000,426.8890,134.3343,7.0702,213.6717,23.8715,0.0000,0.0000,6.3965,0.3094,0.0000,0.0000,6.3965,0.3094,0.0000,0.0000,0.0000,0.0000,0.0000,1098196189184.0000,41.3642,2.0010,0.0000,1098195927040.0000,165.4566,8.0039,0.0000,0.0000,0.0000,0.0000,0.2061,0.0000,0.0000,0.0000,0.8403,0.0000,12.8328,0.1306,0.0000,0.0000,0.9844,0.0400,0.0000,0.0000,213.6717,23.8715,0.0000,0.0000,6.3965,0.0000,0.0000,0.0000,0.0000,0.0000,0.0000,0.0000,0.0000,0.0000,0.0000,0.0000,4.8353,0.2020,0.0000,0.0000,91.8702,3.8371,-0.0261,-0.0009,1.1672,0.0497,0.0000,0.0000,22.1759,0.9441,1.3105,8.9948
ag1,1998.75,293,3.1000,730.5110,373.0612,19.6348,429.2663,12.0862,0.0000,0.0000,9.0373,0.1064,0.0000,0.0000,9.0373,0.1064,0.0000,0.0000,0.0000,0.0000,0.0000,1098196189184.0000,58.4415,0.6880,0.0000,1098195927040.0000,233.7659,2.7518,0.0000,0.0000,0.0000,15.7000,0.0000,0.0000,0.0000,0.0000,0.8403,0.0000,44.4428,0.6335,0.0000,0.0000,1.3833,0.0613,0.0000,0.0000,429.2663,12.0862,0.0000,0.0000,9.0373,0.0000,0.0000,0.0000,0.0000,0.0000,0.0000,0.0000,0.0000,0.0000,0.0000,0.0000,11.8153,0.2746,0.0000,0.0000,224.4901,5.2170,0.0097,0.0009,3.8931,0.0837,0.0000,0.0000,73.9689,1.5902,2.0531,4.7906
ag1,1999.75,283,60.0000,485.9677,155.7008,8.1948,245.9337,27.9091,0.0000,0.0000,7.2010,0.3552,0.0000,0.0000,7.2010,0.3552,0.0000,0.0000,0.0000,0.0000,0.0000,1098196189184.0000,46.5666,2.2969,0.0000,1098195927040.0000,186.2664,9.1874,0.0000,0.0000,0.0000,0.0000,0.2505,0.0000,0.0000,0.0000,0.8403,0.0000,19.9029,0.2012,0.0000,0.0000,1.2672,0.0501,0.0000,0.0000,245.9337,27.9091,0.0000,0.0000,7.2010,0.0000,0.0000,0.0000,0.0000,0.0000,0.0000,0.0000,0.0000,0.0000,0.0000,0.0000,5.5849,0.2541,0.0000,0.0000,106.1137,4.8275,0.0969,0.0097,1.3568,0.0643,0.0000,0.0000,25.7789,1.2217,1.5964,10.9299
ag1,2000.50,200,23.3000,724.1483,159.9272,8.4172,344.7061,12.0212,0.0000,0.0000,11.3833,0.0882,0.0000,0.0000,11.3833,0.0882,0.0000,0.0000,0.0000,0.0000,0.0000,1098196189184.0000,73.6118,0.5703,0.0000,1098195927040.0000,294.4472,2.2811,0.0000,0.0000,0.0000,11.6400,0.0000,0.0000,0.0000,0.0000,0.8403,0.0000,0.6630,0.0000,0.0000,0.0000,0.5034,0.0232,0.0000,0.0000,344.7061,12.0212,0.0000,0.0000,11.3833,0.0000,0.0000,0.0000,0.0000,0.0000,0.2891,0.1902,0.0000,0.0000,0.0000,0.0000,6.0766,0.1358,0.0000,0.0000,115.4549,2.5795,0.0019,-0.0001,1.0275,0.0229,0.0000,0.0000,19.5221,0.4347,1.9682,10.2819
